job_id,status,seq,taxa,taxa_id,fasta_id,prot_name,acc_id
ncbiblast-R20230118-005820-0792-24017116-p1m,FINISHED,LVCFTCNEKSSNWACLAPAICPSDANYCVTTYLGAGIGGHSGQSISKGCASVCPSGGINIGIAAASVSCCSSFLCNTSGASSVKVSYSVLAMAILASFVYIRAGL,Chelonia mydas,8469,103Chmy_4_,Ly-6,['M7APV6']
ncbiblast-R20230118-005813-0746-26672435-p2m,FINISHED,LVCFTCNEESSNWACLAPAICPSDANYCVTTYLGAGIGGYSSQSISKGCASICPSGGINIGILAASVSCCSSFLCNISGASSVKVSYSVLAMAILASFVYIRAGL,Chelonia mydas,8469,101Chmy_5_,Ly-6,['M7APV6']
ncbiblast-R20230118-012403-0279-77916513-p1m,FINISHED,LACFSCENAESNLECLSIKSCDSKDKYCITKYFGGGMGENHKQSISKGCSQICPQAGVDLGIMAFSVKCCESTLCNTSGAISVRGSHVMLLVATVASLLCVFGAKL,Varanus komodoensis,61221,109Vako6_V,Ly-6,['A0A8D2LRH4']
ncbiblast-R20230118-012411-0324-3777447-p2m,FINISHED,LMCFTCDNAESNWDCLSMKSCADTDKYCMTKYFSGGVGNSHKQSISKGCSATCPQGGIDLGVMAFSMKCCESSLCNTSGAISVKSSTLMLAVGTLASLFYIFGARL,Anolis carolinensis,28377,111Anca_6_,Ly-6,['A0A803SX93']
ncbiblast-R20230118-012418-0478-95550571-p2m,FINISHED,LACFYCDNAESNWGCLSSKVCSENDKYCITKYFGGGLGENHKQSISKGCSPVCPQGGLDLGVMAFSVKCCETSLCNTSGAISVKSSSLLLAAGALASLFYILGAKL,Pogona vitticeps,103695,113Povi_6_,Ly-6,['A0A6J0V7L0']
ncbiblast-R20230118-015015-0772-96642523-p1m,FINISHED,LYCFTCEWESSNWKCLNLTKCTDEDSFCVTNIAAIDVVGWKLGKKINKKCSPHCPDSNVHMGIASFSTSCCKSSLCNLFAIPTSKSPPQ,Alligator sinensis,38654,115Alsi_9_,Ly-6,['A0A1U7RXS8']
ncbiblast-R20230118-015023-0163-22529241-p1m,FINISHED,LYCYTCEWEQSNWSCLKAKKCADKDKYCVTNVASVGIGSLSFWKRITKKCSRTCPYHNFSLGLATYTSFCCQTFLCNLHACPGPRLARP,Gallus gallus,9031,117Gaga_8_,Ly-6,['A0A8V0Y087']
ncbiblast-R20230118-015030-0221-78863903-p2m,FINISHED,LVCFTCERRASNWDCLKTVAKCSENDKYCVTSVASLAVGLLTLGKRITKQCSPTCPEWDMHLGMASYTTSCCQSFLCNFWGRVSQR,Varanus komodoensis,61221,119Vako10_,Ly-6,[]
ncbiblast-R20230118-015809-0694-42712356-p1m,FINISHED,DANLTARQRDPEDSQRTDEGDNRVWCHVCERENTFECQNPRRCKWTEPYCVIAAVTVLRWLCSDGETQARGEAVSPGRAHALLLPQVL,Homo sapiens,9606,11Hosa_2_H,Ly-6,"['Q17RY6-2', 'E5RGJ8']"
ncbiblast-R20230118-015831-0403-28244558-p1m,FINISHED,LLCYSCKAQVSNEDCLQVENCTQLGEQCWTARIRAVGLLTVISKGCSLNCVDDSQDYYVGKKNITCCDTDLCNASGAHALQPAAAILALLPALGLLLWGPGQL,Homo sapiens,9606,125Hosa_1_,Ly-6,"['D3DWI6', 'O43653']"
ncbiblast-R20230118-015816-0763-98613708-p2m,FINISHED,LWCFTCENQSSNWHCLKITKCSDADKYCLTTVGFLGFGMWAARRQITKKCSPNCPHFNINLGLASYSTTCCQSTLCNLSGKPPPKSGPQ,Chelonia mydas,8469,121Chmy_12,Ly-6,['M7AUH5']
ncbiblast-R20230118-015823-0993-65731855-p2m,FINISHED,FQCYTCKGASSDAYCLQVANCTGSTPYCGTSIVSFNFVTILDKYCAAACVTGNQSVAFFSSTESCCASDLCNNQKIGNVNYFDFNSAGATSSSLMVAIAGLLWALLALAA,Xenopus tropicalis,8364,123Xetr_9_,Ly-6,['A0A8J1JTI6']
ncbiblast-R20230118-025102-0187-15255626-p1m,FINISHED,YTLLCRKCNRTVCDLNANCAAGENQCYIVQNKNDTTGRSAIQGCTATCPTPKSYQKVKCCSIDYCNSSI,Calliophis bivirgatus,8633,Cbivi_3FTx_000,3FTx,['A0A898IJN7']
ncbiblast-R20230118-025109-0455-77458507-p1m,FINISHED,YTIKCHSCTGRFCTTFQNCPDTQACSQMWKDSDLLKMNVVKGCATNCTLPASGQQVLYCTKDNCN,Boiga irregularis,92519,Boiga_irregularis_Brisbane_GGUD01000006,3FTx,[]
ncbiblast-R20230118-025116-0539-9735776-p1m,FINISHED,YTIICHSCTGRLCTTFQNCPDAQACSQMWKDSDLLKLNIVKGCATNCTLPASGQQVLYCTKDRCN,Boiga nigriceps,1867089,Boiga_nigriceps_GGUF01000001,3FTx,['A0A6G1S2N1']
ncbiblast-R20230118-025122-0782-90239478-p1m,FINISHED,YTIRCHSCTGRLCTTFQNCPDAQACSQMWNDSDMLKMNVVKGCADNCTFPAPGQQLQLCAKDNCN,Boiga cynodon,39278,Boiga_cynodon_GGUA01000001,3FTx,['A0A481MQM5']
ncbiblast-R20230118-025129-0271-93775333-p1m,FINISHED,YTIICHSCTGRLCSTFQNCPDAQACSRMWKDSDMLQMNVVKGCATNCTLPAPGQQLQLCTKDNCN,Boiga dendrophila dendrophila,2766793,Boiga_dendrophila_dendrophila_GGUB01000001,3FTx,[]
ncbiblast-R20230118-025136-0029-98891904-p1m,FINISHED,YTIICHSCTGRLCITFQNCPDAQACSRMWKDSDMLQMNVVKGCATNCTLPAPGQQLQLCTKDNCN,Boiga dendrophila gemmicincta,2766802,Boiga_dendrophila_gemmicincta_GGUC01000007,3FTx,[]
ncbiblast-R20230118-025142-0356-46491401-p1m,FINISHED,HTYECHSCEGSLCYNSQNCPDAMGCYKKNYDLFGLKVVKGYPTNCTFLEGDEKILLCGKDRCN,Heterodon nasicus,121332,Heterodon_nasicus_unigene14895,3FTx,[]
ncbiblast-R20230118-025148-0757-40107047-p1m,FINISHED,HTYECHSCEGSLCYNPQNCPDAMGRYKKTYDLFGLKVVKGCATNCTFLEGDEKILLCGKDRCN,Heterodon nasicus,121332,Heterodon_nasicus_unigene617783,3FTx,[]
ncbiblast-R20230118-025155-0465-80962710-p1m,FINISHED,DALVCYNCPNGGRCFSTTTCSGNQDQCITLFFNGVGFQPPKYAKRCAAQYECQLLNSPQAGVSAICCGYDRCNR,Thelotornis mossambicanus,1328036,Thelotornis_mossambicanus_3FTx_05,3FTx,[]
ncbiblast-R20230118-025205-0264-66525002-p1m,FINISHED,KSLQCYRCGVSGCHLKTTCSTEETFCSNYASFPVGLNWYGCAKTCTEKNTWSGYNKCCTTNLCNA,Dendroaspis polylepis,8624,Dendroaspis_polylepis_T2720,3FTx,[]
ncbiblast-R20230118-025211-0793-13641867-p1m,FINISHED,KSLQCYRCGVSGCHLKTTCSAEETFCSNYASFPVGLNWYGCAKTCTEKNTWSGYNKCCTTNLCNA,Dendroaspis angusticeps,8618,Dendroaspis_angusticeps_GILR01002482,3FTx,[]
ncbiblast-R20230118-025219-0297-36148884-p1m,FINISHED,KSLECYKCGASGCRLKITCSTEGKFCSKRLNRISKLKWRGCAKTCIEEDNRWFYRKCCTTDLCNT,Dendroaspis viridis,8621,Dendroaspis_viridis_GHPC01002050,3FTx,[]
ncbiblast-R20230118-025225-0613-93213430-p1m,FINISHED,KSLECYKCGASGCRLKITCSAEEKFCSKWLDRISKLKWRGCAKTCIEEDNGWFYRKCCTTNLCNT,Dendroaspis jamesoni jamesoni,2032609,Dendroaspis_jamesoni_jamesoni_GHPA01000962,3FTx,[]
ncbiblast-R20230118-025240-0816-16786891-p1m,FINISHED,KSLECYTCDDSGCNLKITCSAEETFCYKWLFKKTNEQWLACAKTCTEEHSWMHYMKCCTTDLCNT,Dendroaspis viridis,8621,Dendroaspis_viridis_GHPC01002196,3FTx,['A0A286MG56']
ncbiblast-R20230118-025255-0073-65110146-p1m,FINISHED,NSLECCKDVLCLSAVQCSSDTAVCTKTYTKSLIGTKMNVQYGCASNCTLPEEGGYPLYCSGNRCS,Rhabdophis subminiatus,46271,Rhabdophis_subminiatus_unigene144234,3FTx,[]
ncbiblast-R20230118-025308-0540-71893486-p1m,FINISHED,QNRTCHSCTGTVCFKLEECKEGQNLCFERKIIGDLFGMKTVRGCAKTCATPGENEKITYCSTDNCN,Rhabdophis subminiatus,46271,Rhabdophis_subminiatus_unigene497406,3FTx,[]
ncbiblast-R20230118-025323-0055-18071157-p1m,FINISHED,QNRTCRSCTGALCFKIQQCKEGQNLCFERKIKDDFFGRKTVRGCADTCANPGENEKVTYCSRDNCNF,Thelotornis mossambicanus,1328036,Thelotornis_mossambicanus_3FTx_00,3FTx,['A0A646QDR7']
ncbiblast-R20230118-025329-0649-77480550-p1m,FINISHED,QNRTCRSCTGALCFKIQQCKEGQNLCFERKIKDDFFGRKTVRGCADTCANPGENERVTYCSTDNCNS,Thelotornis mossambicanus,1328036,Thelotornis_mossambicanus_3FTx_04,3FTx,[]
ncbiblast-R20230118-025335-0994-4082487-p1m,FINISHED,DTIICRSCTGPICRTFKNCSDAQACYQMWTNADVLKLKLVRGCADSCSFPGPGEKRLYCSTDNCN,Thelotornis mossambicanus,1328036,Thelotornis_mossambicanus_3FTx_01,3FTx,[]
ncbiblast-R20230118-025342-0270-6894064-p1m,FINISHED,YTIICRSCTGRFCIAFQNCPDAQACSQMWKDSDMIKKDVVKGCAANCTLPEPGHKLLLCRSDNCN,Boiga trigonata,1296666,Boiga_trigonata_GGUG01000004,3FTx,[]
ncbiblast-R20230118-025348-0977-43048235-p1m,FINISHED,YTIICHSCTGRFCSTFQNCPDAQACSQMWKDSDLLKMKIVKGCATNCTLPASGQKVLYCTKDNCN,Boiga irregularis,92519,Boiga_irregularis_Sulawesi_GGUE01000001,3FTx,[]
ncbiblast-R20230118-025356-0166-83282664-p1m,FINISHED,HTYECHSCEGSLCYNPQNCPDAMGCYKKTYDLFGLKVVKGCATNCTFLEGDEKILLCGKDRCN,Heterodon nasicus,121332,Heterodon_nasicus_unigene2480,3FTx,[]
ncbiblast-R20230118-025410-0078-65838498-p1m,FINISHED,HTITCHSCKWWICWGHEICSNAPACYTKRSDPFGLRIVRGCATDCIFPASGEKIEYCTEDKCN,Helicops leopardinus,2202396,Helicops_leopardinus_unigene312780,3FTx,[]
ncbiblast-R20230118-025232-0749-2825469-p2m,FINISHED,KSLECYRCGVSSCHLKITCSAEEKFCCKQHNRISTLWWRGCVKTCTEEDTWTFYRKCCTTDLCNI,Dendroaspis angusticeps,8618,Dendroaspis_angusticeps_GILR01002080,3FTx,[]
ncbiblast-R20230118-025248-0388-10879754-p2m,FINISHED,LPGPCYSCSGEYREDDEGCPDGENLCIIGENRDNSNGTIDIKGCAATCPTPEEKGEAVCCSKDNCN,Psammophis schokari,292864,Psammophis_schokari_unigene276500,3FTx,[]
ncbiblast-R20230118-025302-0294-1198439-p2m,FINISHED,NSLECCKDALCLSAVQCSSDTDVCTKTYTKSLIGTKMNVTYGCASNCTLPVQGGYTLYCSGNRCS,Rhabdophis subminiatus,46271,Rhabdophis_subminiatus_unigene61055,3FTx,[]
ncbiblast-R20230118-025315-0283-41869824-p2m,FINISHED,QNRTCHSCTGTVCFKHEQCKEGQNLCFKRKINGDFFEMKTVRGCADTCANPGENERVTYCSTDNCNS,Thelotornis mossambicanus,1328036,Thelotornis_mossambicanus_3FTx_03,3FTx,['A0A646QBR0']
ncbiblast-R20230118-025403-0724-1966793-p2m,FINISHED,HTYECHSCEGSLCYNPQNCLDAMGCYKKTYDLFGLKVVKGCATNCTFLEGDEKILLCGKDRCN,Heterodon nasicus,121332,Heterodon_nasicus_unigene384518,3FTx,[]
ncbiblast-R20230118-025417-0552-90735242-p2m,FINISHED,HTITCHSCKWWICWGHEICSNAPACYTKRSDPFGLRIVRGCATDCIFPASGEKIEYCAKDKCN,Helicops leopardinus,2202396,Helicops_leopardinus_unigene57119,3FTx,[]
ncbiblast-R20230118-025424-0832-72689917-p2m,FINISHED,HTIICHSCNKKICLDHEICPDEPACYIKVSGGEVTKGCTTNCTLPAAGEKIKYCTKNRCN,Helicops leopardinus,2202396,Helicops_leopardinus_unigene312792,3FTx,[]
ncbiblast-R20230118-025912-0504-49164646-p2m,FINISHED,HTIKCRSYNEFFSFDSENCPNATACYTKRSGLWGLIVVKGCATNCIFPAPGETIQYCVGDKCN,Helicops leopardinus,2202396,Helicops_leopardinus_unigene488904,3FTx,[]
ncbiblast-R20230118-025919-0173-3459995-p1m,FINISHED,YTISCYTCSGLVCDTFENCPNAKACFKKTSRPFGGKITRGCAFNCTLPAARETIKYCAEDKCN,Helicops leopardinus,2202396,Helicops_leopardinus_unigene490899,3FTx,[]
ncbiblast-R20230118-025925-0824-7292743-p1m,FINISHED,YTIQCYLRSTFKIFQNCPNATACYKKISGGKITRGCAFNCTLPAARETIKYCTEDKCN,Helicops leopardinus,2202396,Helicops_leopardinus_unigene488093,3FTx,[]
ncbiblast-R20230118-025946-0990-79609765-p1m,FINISHED,YTIFCYKCSGKLCNTFENCPNATACSKTTSGGEVVKACAPNCIFPASGEKIEYCAKDKCN,Helicops leopardinus,2202396,Helicops_leopardinus_unigene312793,3FTx,[]
ncbiblast-R20230118-025953-0897-21668848-p1m,FINISHED,YTLLCYSCPKLLCLDSVKCLDDQTFCYKSWNNSVLSATNFIRGCAETCPPVNAPEGSLCCATDNCN,Rhabdophis subminiatus,46271,Rhabdophis_subminiatus_unigene52075,3FTx,[]
ncbiblast-R20230118-030011-0955-18322403-p1m,FINISHED,YTLMCRKCTPTVCDLDGTCAEGEKLCYILQNDTDTMGLQPIQGCDESCPIPESNQKVRCCYTDYCNNYL,Atractaspis aterrima,1355159,Atractaspis_aterrima_GAMF01050194,3FTx,[]
ncbiblast-R20230118-030026-0298-50373490-p1m,FINISHED,HTLRCKSCTGPLCPGEQECPAGQNFCFTTWEIDLLSIPPVRNITKGCAATCPKGPNAFCCASDRCNSW,Atractaspis aterrima,1355159,Atractaspis_aterrima_GAMF01040875,3FTx,[]
ncbiblast-R20230118-030032-0935-53855521-p1m,FINISHED,HTLICQSCTGPLCPGEQQCAAGENFCYTTGKLNILSIPLVTDITKGCAATCPKGPNAFCCTIDRCNSW,Atractaspis aterrima,1355159,Atractaspis_aterrima_GAMF01005539,3FTx,[]
ncbiblast-R20230118-030039-0351-83988328-p1m,FINISHED,YPDCYQCTGENCWYRCLGPRKCPIGERICYTLYKDDGKRFYAKGCARSCPSAGPGETVNCCFYSGCN,Rhabdophis subminiatus,46271,Rhabdophis_subminiatus_unigene76486,3FTx,[]
ncbiblast-R20230118-030045-0852-72011512-p1m,FINISHED,YSNHCYQCTGENYWFKCLGVAPCPPGENFCYTLYKKEGVRFHVKGCTSSCPTAGPGETVNCCYYSGCNNL,Thelotornis mossambicanus,1328036,Thelotornis_mossambicanus_3FTx_06,3FTx,[]
ncbiblast-R20230118-030108-0471-54237150-p1m,FINISHED,SPINRCFQCTSQNYGSKCLNAKKCQHGENTCYTKYKRHKKFGMKWAVKGCSIICPTPRPGEIVNCCYSPECNPLL,Thelotornis mossambicanus,1328036,Thelotornis_mossambicanus_3FTx_08,3FTx,[]
ncbiblast-R20230118-030115-0124-28607210-p1m,FINISHED,SPINRCFQCTSQSYGSKCLNAKKCQHGENTCYTKYKRHKKFGMRWTVKGCSIICPTPRPDEIVNCCYSPECNPLL,Thelotornis mossambicanus,1328036,Thelotornis_mossambicanus_3FTx_15,3FTx,[]
ncbiblast-R20230118-030121-0705-71712210-p1m,FINISHED,SSTQLCFQCNEENYWNKCLSATKCQNGETTCYTKYKRHKKFGMRWAVKGCARACPNPKRDEIVNCCYSPECN,Rhabdophis subminiatus,46271,Rhabdophis_subminiatus_unigene76481,3FTx,['A0A5B9CMM2']
ncbiblast-R20230118-030135-0714-2981916-p1m,FINISHED,SSNQLCFQCNEENYWDKCLSATSCQNGESTCYTKYKRHKKFGMRWAVKGCARACPNPKRDEIVNCCYSPECNILI,Thelotornis mossambicanus,1328036,Thelotornis_mossambicanus_3FTx_09,3FTx,[]
ncbiblast-R20230118-030142-0314-3955761-p1m,FINISHED,DQQTLKKKPRPDPSSTYCFQCTPESIWYKCTKAERCEGLRTKCYTLYKLDGNGGEKWAAKGCAHSCPTAGPGERVKCCFYSGCNKY,Boiga dendrophila dendrophila,2766793,Boiga_dendrophila_dendrophila_GGUB01000025,3FTx,[]
ncbiblast-R20230118-030156-0052-95281974-p1m,FINISHED,DQLGLARQPNPFSSRCFECTAENFWPKCLSTKQCPVGYHMCYTLFKPHEKLGTKWAVKGCAKTCPTAGPNEIVNCCLTHECNRIFK,Boiga dendrophila dendrophila,2766793,Boiga_dendrophila_dendrophila_GGUB01000027,3FTx,[]
ncbiblast-R20230118-030209-0184-32428072-p1m,FINISHED,DQLGLKRPLISYPQYCFQCTRESFWHECSRSEQCPGMHTKCYTLYKRDANGEEKWAAKGCAYSCPTAGPGERVKCCIIPGCNEY,Boiga dendrophila dendrophila,2766793,Boiga_dendrophila_dendrophila_GGUB01000024,3FTx,[]
ncbiblast-R20230118-030215-0405-41806230-p1m,FINISHED,DQLGLRRPLISHSQYCFQCTTESLWHKCSRSEQCPGMHTKCYTLYKLDENGEEKWAAKGCAYSCPTPGPGERVKCCFYNGCNEY,Boiga nigriceps,1867089,Boiga_nigriceps_GGUF01000002,3FTx,['A0A6G1S2M3']
ncbiblast-R20230118-030222-0573-12832099-p1m,FINISHED,DQPTHRRKPNPDVHSRYCFQCTAKNHLHKCPRAERCTGMETKCYTLYKPDRNGGEKWAVKGCARICPPAGPGERVKCCNYNGCNKH,Boiga trigonata,1296666,Boiga_trigonata_GGUG01000005,3FTx,[]
ncbiblast-R20230118-025933-0053-8392433-p2m,FINISHED,YTIQCYLRSTFKIFQNCPNATACYKKISGGKITRGCAFNCTLPAARETIKYCAEDKCN,Helicops leopardinus,2202396,Helicops_leopardinus_unigene312779,3FTx,[]
ncbiblast-R20230118-025940-0320-79423984-p2m,FINISHED,YTITCYSCSRPICMTFQKCPEAEACYTKRSGPLGVEVVKGCTANCTLPASGEKLEYCTEDKCN,Helicops leopardinus,2202396,Helicops_leopardinus_unigene312798,3FTx,[]
ncbiblast-R20230118-030000-0550-33872511-p2m,FINISHED,YTLDCYTCPGVALPGICPTVTCGDGEIFCYKIKNDSDMFGMNIARGCTDSCPAPEANQKVNCCTEDKCN,Atractaspis aterrima,1355159,Atractaspis_aterrima_GAME01026808,3FTx,[]
ncbiblast-R20230118-030236-0802-31634333-p1m,FINISHED,NQQGRGRKPPLDLHSRYCFQCTPENRLNKCPQAKRCTGMKTMCYTLYKRDENGEEKWAAKGCDYSCPTAGPDERLKCCYYNKCNEY,Boiga nigriceps,1867089,Boiga_nigriceps_GGUF01000003,3FTx,['A0A6G1S2M9']
ncbiblast-R20230118-030019-0603-72493370-p2m,FINISHED,HTLRCKSCTGPLCPGEQECPAGQNFCFTTWEIDLLSIPPVKNITKGCAATCPKGPNAFCCASDRCNSW,Atractaspis aterrima,1355159,Atractaspis_aterrima_GAMF01055489,3FTx,[]
ncbiblast-R20230118-030052-0830-19001364-p2m,FINISHED,YPDCFQCTGENYWYRCSGPKKCPYGENFCYTLYKREGVRFAVKGCTASCPTTGPGETVNCCYYSGCN,Rhabdophis subminiatus,46271,Rhabdophis_subminiatus_unigene76489,3FTx,[]
ncbiblast-R20230118-030100-0429-33945497-p2m,FINISHED,YPDCFQCTGENYWYRCSGPKKCPYGENFCYTLYKDDGMRFSVKGCTKSCPIAGPGETVNCCFYSGCN,Rhabdophis subminiatus,46271,Rhabdophis_subminiatus_unigene24430,3FTx,[]
ncbiblast-R20230118-030129-0243-4146903-p2m,FINISHED,SSNQLCFQCNEENYWDKCLSATSCQNGESTCYTKYKRHKKFGMRWAVKGCARACPNPKRDEIVNCCYSPECNPLL,Thelotornis mossambicanus,1328036,Thelotornis_mossambicanus_3FTx_11,3FTx,[]
ncbiblast-R20230118-030149-0595-7476319-p2m,FINISHED,NMLGPGRHPNPLSSRCFECTAENYWHKCLSTKQCPVGYHICYTLYKPHEKFGTKWAVKGCAKTCPTAGSNEIVNCCLTHECNRIFK,Boiga trigonata,1296666,Boiga_trigonata_GGUG01000001,3FTx,[]
ncbiblast-R20230118-030202-0777-68066118-p2m,FINISHED,DQLGLARQPNPLSSRCFECTAENFWPKCLSTKQCPVGYHMCYTLFKPHEKLGTKWAVKGCAKTCPTAGPNEIVNCCLTHECNRIFK,Boiga dendrophila gemmicincta,2766802,Boiga_dendrophila_gemmicincta_GGUC01000009,3FTx,[]
ncbiblast-R20230118-030230-0044-96397438-p2m,FINISHED,DQQTRERKPRPDVHSTYCFQCTTENHWYKCPKAERCTRMETKCYTLYKVDGNGEEKWAVKGCARTCPTAGPGERVKCCFYNECNKY,Boiga trigonata,1296666,Boiga_trigonata_GGUG01000002,3FTx,[]
ncbiblast-R20230118-030724-0033-56875976-p1m,FINISHED,NQQGRGRKPPLDLHSRYCFQCTPENRLYKCPQAKRCTGMKTMCYTLYKRDENGEEKWAVKGCDYSCPTAGPDERLKCCYYDKCNEY,Boiga irregularis,92519,Boiga_irregularis_Brisbane_GGUD01000001,3FTx,[]
ncbiblast-R20230118-030738-0275-4731652-p1m,FINISHED,DQQRRRKKPDLHNTYCFQCTAENHWYKCPSAERCTGISNKCYTLYKLDENGGKKWAVKGCAFTCPTAGPGEKVKCCLYNGCNKY,Boiga dendrophila dendrophila,2766793,Boiga_dendrophila_dendrophila_GGUB01000002,3FTx,[]
ncbiblast-R20230118-030744-0973-83922594-p1m,FINISHED,DQQRRKKKPDLHNTYCFQCTAENHWYKCPSAARCTGISNKCYTLYKLDENGGKKWAVKGCAFTCPTAGPGEKVKCCLYNGCNEY,Boiga dendrophila gemmicincta,2766802,Boiga_dendrophila_gemmicincta_GGUC01000002,3FTx,[]
ncbiblast-R20230118-030751-0950-11556719-p1m,FINISHED,DQQRRKKKPDLHNTYCFQCTAENHWYKCPSATRCTGGRTMCYTLYKRDENGGEKWAVKGCDYSCPTAGPDERLKCCYHHECNKY,Boiga dendrophila gemmicincta,2766802,Boiga_dendrophila_gemmicincta_GGUC01000001,3FTx,[]
ncbiblast-R20230118-030805-0661-20633573-p1m,FINISHED,NQLGLGRQLIDWGKGQAVGLPHKRCQQCDRRYSPDCTYYDRCPPYHMTCYTLYKPDQNGEMQWAFKGCSKGCPVAGPGESVKCCTTKGCRNE,Boiga trigonata,1296666,Boiga_trigonata_GGUG01000007,3FTx,[]
ncbiblast-R20230118-030812-0274-70160379-p1m,FINISHED,DQLGLGRQQIDWGQGQAKGVYFHSCFQCDQRTFWNCATPKTCMRFHNTCYTLYKRDENGEMKWAVKRCAKTCPTAQYGQIVKCCNKRDCNND,Boiga dendrophila dendrophila,2766793,Boiga_dendrophila_dendrophila_GGUB01000015,3FTx,[]
ncbiblast-R20230118-030831-0351-41763329-p1m,FINISHED,DQLGLGRQRIGWGQGQAVGLPFTLCFKCNRMTSSDCSTASRCYRGSCYTLYKLDERLGEKWAVKGCAETCPTAGPNERVKCCRSPRCNDD,Boiga irregularis,92519,Boiga_irregularis_Brisbane_GGUD01000016,3FTx,[]
ncbiblast-R20230118-030843-0237-84172047-p1m,FINISHED,DQLGLGRQRIGWGQGQAVGPPFTLCFECNRKTSSDCSTASRCYRGSCYTLYRPDENCELKWAVKGCAETCPTAGPNERVKCCTSPRCNDD,Boiga nigriceps,1867089,Boiga_nigriceps_GGUF01000004,3FTx,['A0A6G1S3L8']
ncbiblast-R20230118-030849-0833-18987672-p1m,FINISHED,HTLKCCSGTLCILGDDCSEGENVCFQRKNGTGLLGVVRGCATSCPSPIGEEKVSCCSTDNCN,Psammophis subtaeniatus,292884,Psammophis_subtaeniatus_unigene33896,3FTx,[]
ncbiblast-R20230118-030911-0227-18746979-p1m,FINISHED,HTLKCCSRTLCILGDDCSEGENVCFQRKNGTGAFGMRVVRGCAASCPSPIGGEEVSCCSTDNCN,Psammophis schokari,292864,Psammophis_schokari_unigene36962,3FTx,[]
ncbiblast-R20230118-030953-0063-91203195-p1m,FINISHED,YSLTCASCPSVKCVWTPNVQCTEGSNQCFKKWTGSEGLRTKYERGCAANCSNVTGEERVMYCATDNCNN,Vipera transcaucasiana,235552,Vipera_transcaucasiana_3FTx_09,3FTx,[]
ncbiblast-R20230118-030959-0441-46736076-p1m,FINISHED,YSLECASCPSPKCLLTPSVQCEEGFTQCFKKWKGSEGLLTEYERGCAANCSTVTGKEKVMYCATDNCNN,Pseudocerastes urarachnoides,1353790,Pseudocerastes_urarachnoides_3FTx_06,3FTx,[]
ncbiblast-R20230118-030731-0715-63428641-p2m,FINISHED,NQQGRGRRPPLDLHSTYCFQCTPENHWYKCPRAEKCTGIANKCYTLYKHDGNGEEKWAAKGCAYSCPTPGPGERVKCCFYNGCNEY,Boiga irregularis,92519,Boiga_irregularis_Brisbane_GGUD01000007,3FTx,[]
ncbiblast-R20230118-030945-0337-77053083-p1m,FINISHED,YSLTCASCPSVKCMVTPNVQCTEGSNQCFKKWTGSEGLRTKYERGCAANCSNVTGEERVMYCATDNCNN,Vipera transcaucasiana,235552,Vipera_transcaucasiana_3FTx_07,3FTx,[]
ncbiblast-R20230118-030759-0355-86462698-p2m,FINISHED,DQQTRKKKPRPDLYNRYCFQCTPKNHWYKCPRAERCTGGRTMCYTLYKRDENGEEKWAVKGCDYSCPTAGPDERLKCCYYNNCNEY,Boiga dendrophila dendrophila,2766793,Boiga_dendrophila_dendrophila_GGUB01000005,3FTx,[]
ncbiblast-R20230118-030819-0761-3833869-p2m,FINISHED,DQLGLGRQLIDWGQGQAVGRAYTLCFKCNPSSDCSTAHRCYELLCYTLYKRDGNGGEKWAAKGCAKTCPTARPGERVKCCRAPRCNSD,Boiga trigonata,1296666,Boiga_trigonata_GGUG01000006,3FTx,[]
ncbiblast-R20230118-030857-0717-75672688-p2m,FINISHED,HTLKCCSRTLCILGDDCSEGENVCFQRKNGTGPLGVVRGCATSCPSPIGEEKVSCCSTDNCN,Psammophis schokari,292864,Psammophis_schokari_unigene503446,3FTx,[]
ncbiblast-R20230118-030904-0902-47304896-p2m,FINISHED,HTLKCCSGTPCFLGKDCSEGENVCFQRKNGTGAFGMRVVRGCAASCPSPIGGEEVSCCSTDNCN,Psammophis schokari,292864,Psammophis_schokari_unigene221596,3FTx,[]
ncbiblast-R20230118-030918-0305-94967982-p2m,FINISHED,HTRSCCSGPLCFQRKPCPDGENICFRRKNETDLLGMRVVRGCAPDCPAPIGGEEVCCCSKDNCN,Psammophis subtaeniatus,292884,Psammophis_subtaeniatus_unigene107172,3FTx,[]
ncbiblast-R20230118-030924-0921-83951957-p2m,FINISHED,HTRSCCTGLTCFWGEPCPDGENICFKRKNETDILGLRAVRGCAAACPAPIGEEKVCCCAKDNCN,Malpolon monspessulanus,184164,Malpolon_monspessulanus_unigene50403,3FTx,[]
ncbiblast-R20230118-030932-0138-8702656-p2m,FINISHED,YSLTCASCSRRKCRVTPNVQCTEGFNQCFKKWTGSKGLRTKYERGCAANCSNVTGEERVMYCATDNCNN,Vipera transcaucasiana,235552,Vipera_transcaucasiana_3FTx_10,3FTx,[]
ncbiblast-R20230118-030938-0710-71638400-p2m,FINISHED,YSLICASCPSVKCMVTPNVQCTEGFNQCFKKWNGSEGLLTKYERGCAANCSNVTGEERVMYCATDNCNN,Vipera transcaucasiana,235552,Vipera_transcaucasiana_3FTx_08,3FTx,[]
ncbiblast-R20230118-031006-0754-17581663-p2m,FINISHED,YSLICASCPSLKCVWTPNVQCEEGFTQCFKKWTGSEGLRTRYERGCAANCSTVTGKEKVMYCATDNCNN,Pseudocerastes urarachnoides,1353790,Pseudocerastes_urarachnoides_3FTx_05,3FTx,[]
ncbiblast-R20230118-031548-0726-48547815-p1m,FINISHED,DQQTLRKKPGPDLHNTYCFQCTAENHWYKCPSATRCTGGRTMCYTLYKRDENGGEKWAVKGCDYSCPTAGPDERLKCCYHHECNKY,Boiga dendrophila dendrophila,2766793,1217Boiga_,3FTx,[]
ncbiblast-R20230118-031610-0462-75912872-p1m,FINISHED,DQQRRKKKPDLHNRYCFQCTSENHWYKCPSAAICTGISNKCYTLYKLDENGEEKWAVKGCAFTCPTAGPGERVKCCFYNGCNEY,Boiga dendrophila gemmicincta,2766802,1225Boiga_,3FTx,[]
ncbiblast-R20230118-031616-0938-55381430-p1m,FINISHED,DQQRRKKKPDLHNRYCFQCTAENHWYKCPSAARCTGISNKCYTLYKLDENGGKKWAVKGCAFTCPTAGPGEKVKCCLYNGCNEY,Boiga dendrophila gemmicincta,2766802,1227Boiga_,3FTx,[]
ncbiblast-R20230118-031631-0796-78832886-p1m,FINISHED,DQQRRKKKPDLYNRYCFQCTAENHWYKCPSAERCTGISNKCYTLYKLDENGGKKWAVKGCAFTCPTAGPGEKVKCCLYNGCNEY,Boiga dendrophila dendrophila,2766793,1233Boiga_,3FTx,[]
ncbiblast-R20230118-031645-0438-14814744-p1m,FINISHED,NQQGRGRKPPLDLHSRYCFQCTPENRLDKCPQAKRCTGMRTMCYTLYKRDENGEEKWAVKGCDYSCPTAGPDERLKCCFYNRCNQY,Boiga irregularis,92519,1253Boiga_,3FTx,[]
ncbiblast-R20230118-031705-0342-33061358-p1m,FINISHED,NQQGRGRKPPLDLHSRYCFQCTPENHWYKCPRAEKCTGIANKCYTLYKHDGNGEEKWAVKNCAYTCPTAGPGERVKCCFYNGCNEY,Boiga irregularis,92519,1279Boiga_,3FTx,[]
ncbiblast-R20230118-031713-0269-27234319-p1m,FINISHED,LKCRTCSAKTNNADCQASTNCPANSTDCKTELYVPVVGGWKVIKKQCSSSCTNSTEDFYVFKQKIFCCSTDDCNTNGVGRMESSSMVMAVGIAASVTCFLLTSRL,Alligator sinensis,38654,127Alsi_1_,Ly-6,['A0A1U7SIJ4']
ncbiblast-R20230118-031720-0836-52313876-p1m,FINISHED,NQQGRGRKPPLDLHSRYCFQCTPENHWYKCPRAEKCTGMANKCYTLYKHDGNGEEKWAVKNCAYTCPTAGPGERVKCCFYNGCNEY,Boiga irregularis,92519,1281Boiga_,3FTx,[]
ncbiblast-R20230118-031727-0455-90009661-p1m,FINISHED,QAKGVYFHSCFQCDQRTFWNCATPKTCMRFHNTCYTLYKRDENGEMKWAVKRCAKTCPTAQYGQIVKCCNKRDCNND,Boiga dendrophila dendrophila,2766793,1283Boiga_,3FTx,[]
ncbiblast-R20230118-031733-0981-60131601-p1m,FINISHED,QAKGPPFTLCFECNRETCSNCFKDNRCPPYHRTCYTLYRPDGNGEMKWAVKGCAKKCPTAQPGENVQCCNTPKCNDY,Boiga nigriceps,1867089,1285Boiga_,3FTx,['A0A6G1S4A6']
ncbiblast-R20230118-031747-0903-95231469-p1m,FINISHED,QAVGPPYTLCFECNRETCSNCFKDNRCPPYHRTCYTLYRPDGNGEMKWAVKGCAKKCPTAQPGESVQCCNTPKCNDY,Boiga irregularis,92519,1295Boiga_,3FTx,[]
ncbiblast-R20230118-031801-0812-18775146-p1m,FINISHED,QAVGLPHGFCIQCNRKTSSDCSIGHRCPAYHMTCYTLYKPDENCEMKWAVKGCARMCPTAKSGERVKCCTGASCNSD,Boiga dendrophila dendrophila,2766793,1305Boiga_,3FTx,[]
ncbiblast-R20230118-031808-0412-79230504-p1m,FINISHED,QAVGLPHGFCIQCNRKTSSDCSIGHRCPAYHMTCYTLYKPDENGEMKWAVKGCARMCPTAKSGERVKCCTGASCNSD,Boiga dendrophila dendrophila,2766793,1307Boiga_,3FTx,[]
ncbiblast-R20230118-031815-0387-50436977-p1m,FINISHED,QAKGPPHGFCIQCNQKTCSNCFIGQRCLPYHMTCYTLYKPDENCELKWAVKGCAKTCPTARPGERVKCCTGASCNSD,Boiga dendrophila gemmicincta,2766802,1309Boiga_,3FTx,[]
ncbiblast-R20230118-031822-0073-13564431-p1m,FINISHED,QTIGPPHGFCTQCNRKTCSNCFIGQRCPAYHRTCYTVYKPDENGELKWAVKGCAKTCPTARLGERVKCCTEERCNRH,Boiga dendrophila dendrophila,2766793,1311Boiga_,3FTx,[]
ncbiblast-R20230118-031828-0423-37518664-p1m,FINISHED,QTIGPPHGFCTQCNRKTCSNCFIGQRCLPYHRTCYTLYKPDENGELKWAVKGCAKTCPTARPGERVKCCTEVNCNSVENDNTEF,Boiga dendrophila dendrophila,2766793,1313Boiga_,3FTx,[]
ncbiblast-R20230118-031834-0781-53753540-p1m,FINISHED,QTIGPPHGFCTQCNRKTCSNCFIGQRCPAYHRTCYTVYKPDENGELKWAVKGCAKTCPTARPGERVKCCTEVNCNSD,Boiga dendrophila dendrophila,2766793,1315Boiga_,3FTx,[]
ncbiblast-R20230118-031556-0013-53071042-p2m,FINISHED,DQQRRRKKPDLHNTYCFQCTAENHWYKCPSATRCTGGRTMCYTLYKRDENGGEKWAVKGCDYSCPTAGPDERLKCCYHHECNKY,Boiga dendrophila dendrophila,2766793,1221Boiga_,3FTx,[]
ncbiblast-R20230118-031603-0336-61690908-p2m,FINISHED,DQQRRKKKPDLHNRYCFQCTAENHWYKCPSAAICTGISNKCYTLYKLDENGEEKWAVKGCASTCPTAGPGERVKCCFYNGCNEY,Boiga dendrophila gemmicincta,2766802,1223Boiga_,3FTx,[]
ncbiblast-R20230118-031624-0050-1507175-p2m,FINISHED,DQQRRKKKPDLYNTYCFQCTAENHWYKCPSAERCTGISNKCYTLYKLDENGGKKWAVKGCAFTCPTAGPGEKVKCCLYNGCNEY,Boiga dendrophila dendrophila,2766793,1231Boiga_,3FTx,[]
ncbiblast-R20230118-031638-0619-93902301-p2m,FINISHED,DQQRRRKKPDLHNTYCFQCTAENHWYKCPSAERCTGISNKCYTLYKLDENGGKKWAVKGCAFTCPTAGPGEKVKCCLYNGCNEY,Boiga dendrophila dendrophila,2766793,1237Boiga_,3FTx,[]
ncbiblast-R20230118-031651-0982-14904727-p2m,FINISHED,NQQGRGRKPPLDLHSRYCFQCTPENHSYKCPTAEKCPGMRTKCYTLYKRDENGEEKWAVKDCAYTCPTAGPDERVKCCFHNRCNQY,Boiga irregularis,92519,1255Boiga_,3FTx,['A0A0B8RZX3']
ncbiblast-R20230118-031658-0611-22642550-p2m,FINISHED,NQQGRGRKPPIDLHSRYCFQCTPENRWYKCPQATRCTGIANKCYTLYKRDENGEEKWAVKNCAYTCPTAGPDERVKCCFHNRCNQY,Boiga irregularis,92519,1263Boiga_,3FTx,[]
ncbiblast-R20230118-031740-0939-77802639-p2m,FINISHED,QAVGPPFTLCFECNRETCSNCFKDNRCPPYHRTCYTLYRPDGNGEMKWAVKGCAQKCPTAQPGESVQCCNTPKCNDY,Boiga irregularis,92519,1289Boiga_,3FTx,['A0A0B8RS39']
ncbiblast-R20230118-031755-0161-68764597-p2m,FINISHED,LQCYSCKTKLSNSNCQATMNCKENEMCKTDVIRVIGFFSIISKGCEASCQEDYQDFKVGNRNVSCCSTNLCNVNAAGSVRSSYGMAAGISASLLWTFLNNRL,Gallus gallus,9031,129Gaga_1_,Ly-6,"['A0A1L1RYU0', 'A0A8V0XWY0']"
ncbiblast-R20230118-032325-0294-56260018-p1m,FINISHED,QAIGPPHGFCTQCNRKTCSNCFIGQRCPAYHRTCYTLYKPDENGELKWAVKGCAKTCPTARPGERVKCCTEVNCNSD,Boiga dendrophila gemmicincta,2766802,1317Boiga_,3FTx,[]
ncbiblast-R20230118-032407-0376-68873436-p1m,FINISHED,QAIGLPHGACIQCNRKTWSKCFLSEICLPYHMTCYTLYKPDENGELKWAVKGCAKTCPTARPGERVKCCTEVNCNSVENDNTEF,Boiga dendrophila dendrophila,2766793,1329Boiga_,3FTx,[]
ncbiblast-R20230118-032420-0555-42972777-p1m,FINISHED,QAVGPPFTLCFECNRKTSSDCSTASRCYRGSCYTLYRPDENCELKWAVKGCAETCPTAGPNERVKCCTSPRCNDD,Boiga nigriceps,1867089,1345Boiga_,3FTx,['A0A6G1S3L8']
ncbiblast-R20230118-032433-0921-46080691-p1m,FINISHED,QAVGPPFTLCFECNRMTSSDCSTASRCYRGSCYTLYRPDENCELKWAVKGCAQTCPTAGPNERVKCCRSPRCNDD,Boiga irregularis,92519,1355Boiga_,3FTx,['A0A0B8RS46']
ncbiblast-R20230118-032500-0939-39566276-p1m,FINISHED,QAVGRPFTLCFECNRMTSSDCSTASRCYRGSCYTLYKLDENRGEKWAVKGCAKTCPTAGPNERVKCCRSPRCNDD,Boiga irregularis,92519,1371Boiga_,3FTx,[]
ncbiblast-R20230118-032507-0913-6108039-p1m,FINISHED,QAVGLPFTLCFKCNRMTSSDCSTASRCYRGSCYTLYKLDERLGEKWAVKGCAETCPTAGPNERVKCCRSPRCNDD,Boiga irregularis,92519,1373Boiga_,3FTx,[]
ncbiblast-R20230118-032515-0209-57455913-p1m,FINISHED,QAVGRPFTLCFECNRKTSSDCSTASRCYRGSCYTLYKLDERLGEKWAVKGCAETCPTAGPNERVKCCRSPRCNDD,Boiga irregularis,92519,1381Boiga_,3FTx,['A0A0B8RYW8']
ncbiblast-R20230118-032528-0934-87889464-p1m,FINISHED,QAKGPPFTLCFHCNRKTSSHCSTVYRCYSRWCYTLYKRDENGELKWAVKGCTDTCPTAGPNERVKCCRPPNCNSVENDNTEF,Boiga dendrophila gemmicincta,2766802,1385Boiga_,3FTx,[]
ncbiblast-R20230118-032540-0155-28233037-p1m,FINISHED,QAKGRPFTLCFHCNRKTSSHCSTVYRCYSRLCYTLYKPDENGEFKWAVKGCAEKCPTEGPNERVKCCRSPNCNSDVNDNPEF,Boiga dendrophila dendrophila,2766793,1387Boiga_,3FTx,[]
ncbiblast-R20230118-032550-0150-72408906-p1m,FINISHED,QAKGRPFTLCFHCNRKTSSHCSTVYRCYSRLCYTLYKPDENGEFKWAVKGCAEKCPTAGPGERVKCCRPPDCNSVENDNTDF,Boiga dendrophila dendrophila,2766793,1389Boiga_,3FTx,[]
ncbiblast-R20230118-032616-0244-79822468-p1m,FINISHED,QAKGIPFTLCSQCNRKTSSHCSTAHRCYRGTCYTLYKPDENCELKWAVKGCAQKCPTEGPNERVKCCRSPNCNSDLNDNPEF,Boiga dendrophila gemmicincta,2766802,1397Boiga_,3FTx,[]
ncbiblast-R20230118-032636-0625-38883862-p1m,FINISHED,LKCYTCKMQLSNSNCQTQKLCGNDSQACKTDVINVVGFFNVINKECAASCQPNYQDFTVGKQNVSCCSTDLCNHNGAGSVGSSYAATAAGLAASVLCALPRNGL,Chelonia mydas,8469,131Chmy_1_,Ly-6,['M7AN25']
ncbiblast-R20230118-032332-0508-92527094-p2m,FINISHED,QTIGPPHGFCTQCNRKTCSNCFIGQRCLPYHRTCYTLYKPDENCELKWVVKGCAEKCPTEGPNERVKCCRSPNCNSDVNDNPEF,Boiga dendrophila dendrophila,2766793,1319Boiga_,3FTx,[]
ncbiblast-R20230118-032339-0981-98460669-p2m,FINISHED,QAIGLPHGACIQCNRKTWSKCFLSEICLPYHMTCYTLYKPDENCELKWVVKGCAEKCPTEGPNERVKCCRSPNCNSDVNDNPEF,Boiga dendrophila dendrophila,2766793,1321Boiga_,3FTx,[]
ncbiblast-R20230118-032346-0919-28463695-p2m,FINISHED,QAIGLPHGACIQCNRKTWSKCFLSEICLPYHMTCYTLYKPDENGEFKWAVKGCAEKCPTAGPGERVKCCRPPDCNSVENDNTDF,Boiga dendrophila dendrophila,2766793,1323Boiga_,3FTx,[]
ncbiblast-R20230118-032353-0591-80105757-p2m,FINISHED,QAIGLPHGACIQCNRKTWSKCFLSEICLPYHMTCYTLYKPDENGELKWAVKGCAKTCPTARLGERVKCCTEERCNRH,Boiga dendrophila dendrophila,2766793,1325Boiga_,3FTx,[]
ncbiblast-R20230118-032400-0284-38007495-p2m,FINISHED,QAIGLPHGACIQCNRKTWSKCFLSEICLPYHMTCYTLYKPDENGELKWAVKGCAKTCPTARPGERVKCCTEVNCNSD,Boiga dendrophila dendrophila,2766793,1327Boiga_,3FTx,[]
ncbiblast-R20230118-032413-0955-54445063-p2m,FINISHED,QAVGRAYTLCFKCNPSSDCSTAHRCYELLCYTLYKRDGNGGEKWAAKGCAKTCPTARPGERVKCCRAPRCNSD,Boiga trigonata,1296666,1331Boiga_,3FTx,[]
ncbiblast-R20230118-032427-0265-54630190-p2m,FINISHED,QAVGPPFTLCFECNRKTSSDCSTASRCYRGSCYTLYRPDENCELKWAVKGCAETCPTAGPNERVKCCRSPRCNDD,Boiga nigriceps,1867089,1347Boiga_,3FTx,['A0A6G1S327']
ncbiblast-R20230118-032441-0016-60374695-p2m,FINISHED,QAVGLPFTLCFECNRMTSSDCSTASRCYRGSCYTLYRPDENCELKWAVKGCAETCPTAGPNERVKCCSSPRCNDD,Boiga irregularis,92519,1359Boiga_,3FTx,[]
ncbiblast-R20230118-032609-0675-44169367-p1m,FINISHED,QAKGRPFTLCFHCNRKTSSHCSTVYRCYSRLCYTLYKPDENGEFKWAVKGCAEKCPTAGPGERVKCCSPPDCNSVENDNTDF,Boiga dendrophila dendrophila,2766793,1393Boiga_,3FTx,[]
ncbiblast-R20230118-032447-0922-50996030-p2m,FINISHED,QAVGLPFTLCFECNRMTSSDCSTASRCYRGSCYTLYKRDENGGEKWAVKGCAETCPTAGPNERVKCCRSPRCNDD,Boiga irregularis,92519,1363Boiga_,3FTx,[]
ncbiblast-R20230118-032454-0587-72398952-p2m,FINISHED,QAVGLPFTLCFECNRMTSSDCSTASRCYRGSCYTLYKRDGNGGEKWAVKGCAKTCPTAGPNERVKCCRSPRCNDD,Boiga irregularis,92519,1367Boiga_,3FTx,"['A0A0B8RVA3', 'A0A0B8RSX8', 'A0A0B8RZX1']"
ncbiblast-R20230118-032521-0820-44190745-p2m,FINISHED,QAKGRPFTLCFECNRKTSSDCSTVYRCYSRWCYTLYKRDENCEFKWAVKGCAETCPTAGPGERVKCCRPPNCNSVENDNTEF,Boiga dendrophila dendrophila,2766793,1383Boiga_,3FTx,[]
ncbiblast-R20230118-032557-0173-6719141-p2m,FINISHED,QAKGRPFTLCFHCNRKTSSHCSTVYRCYSRLCYTLYKPDENGELKWAVKGCAEKCPTAGPGERVKCCSPPDCNSVENDNTDF,Boiga dendrophila dendrophila,2766793,1391Boiga_,3FTx,[]
ncbiblast-R20230118-032623-0375-92092471-p2m,FINISHED,QAKGIPFTLCSKCTRKTSSHCSTDHRCYRGTCYTLYKPDENCELKWVVKGCAEKCPTEGPNERVKCCRSPNCNSDVNDNPEF,Boiga dendrophila dendrophila,2766793,1399Boiga_,3FTx,[]
ncbiblast-R20230118-032630-0427-39799475-p2m,FINISHED,QAKGIPFTLCSKCNRKTSSDCSTAHRCYRGTCYTLYKPDENCELKWAVKGCAEKCPTEGPNERVKCCRSPNCNSDVNDNPEF,Boiga dendrophila dendrophila,2766793,1401Boiga_,3FTx,[]
ncbiblast-R20230118-032643-0246-99455550-p2m,FINISHED,LKCYTCNNELSNKNCNTTKDCETSAKACKTDVIAVAQVINIITKECSASCESSLSNFTVGKRNISCCSTDLCNVSGAHSFRTSYGPVVLAVFTSLACLFLKGSL,Varanus komodoensis,61221,133Vako1_V,Ly-6,[]
ncbiblast-R20230118-032649-0822-28890158-p2m,FINISHED,LRCYTCNTQVNNANCQAMVNCEGNAKACKTDVVGVVGLFNVISKECSSDCEPYFKDFTVGKRNISCCAADLCNVNGAQGFGTNYKAQASLALFTSLASLLLRS,Anolis carolinensis,28377,135Anca_1_,Ly-6,"['A0A803TLH1', 'A0A803TJ73']"
ncbiblast-R20230118-032656-0437-32043059-p2m,FINISHED,IKCYTCNTQLDNGNCNKQVDCNQGARACKTDVVGVVGLFNVITKECASECNPYFKDFTVGKRNISCCYTDLCNVSGTHAFRMNGVYVALAVLASFACVFLGNRL,Pogona vitticeps,103695,137Povi_1_,Ly-6,['A0A6J0V5J9']
ncbiblast-R20230118-033242-0029-82848324-p1m,FINISHED,LSCYQCFKVSSWTECPPTWCSPLDQVCISNEVVVSFKWSVRVLLSKRCAPRCPNDNMKFEWSPAPMVQGVITRRCCSWALCNRALTPQEGRWALRGGLLLQVGLSLLRALL,Homo sapiens,9606,13Hosa_13_,Ly-6,['H3BQJ8']
ncbiblast-R20230118-033248-0727-46087737-p1m,FINISHED,LSCFSCSKPTALSLCTNVTNCSATEGWCKTTLLSLQTGYPFMEEKTVQRECVASCVPTDPDAIGEYQPILCCNTDRCVGNGAPVPQGSGLILTGFLSVLLSAG,Phascolarctos cinereus,38626,145Phci_2_,Ly-6,"['A0A6P5KXL3', 'A0A6P5KZ11']"
ncbiblast-R20230118-033255-0056-86195212-p1m,FINISHED,IQCYEGVDVKTAVTCSDPNQLCFQLTSPNSPQTLRGCGHFCLSRATCCSTDLCNA,Calliophis bivirgatus,8633,1467Cbivi_,3FTx,['A0A898INM6']
ncbiblast-R20230118-033302-0584-48391532-p1m,FINISHED,LQCYQTIDLKPTMTCPNQHKQCFKLTSTFPPKTMRGCGFLCLSRATCCSTDLCNK,Calliophis bivirgatus,8633,1469Cbivi_,3FTx,['A0A898IPL1']
ncbiblast-R20230118-033308-0910-63925572-p1m,FINISHED,LQCYQGTDLKTVVTCPNQHQQCFKLTSTFPPKTMRGCGFLCLSRATCCSTDLCNA,Calliophis bivirgatus,8633,1471Cbivi_,3FTx,"['A0A898IN79', 'A0A898IK81']"
ncbiblast-R20230118-033322-0786-22336268-p1m,FINISHED,LQCYHPSLFKKYETCAEGKNFCYSRVDMITPRGAWMEYGCTATCTLKRIRVCCKTDKCNG,Calliophis bivirgatus,8633,1475Cbivi_,3FTx,['A0A898IPP1']
ncbiblast-R20230118-033337-0094-63115554-p1m,FINISHED,LQCYKGNNPKILVTCEKGQNECYIRTFPRPPVMVRGCTSHCLARFTCCSTDKCNK,Calliophis bivirgatus,8633,1479Cbivi_,3FTx,['A0A898ILQ5']
ncbiblast-R20230118-033343-0752-69729363-p1m,FINISHED,LQCYKCTGQTNNKNCQTVQPCRHEEKVCKTELTTAAGLVRFITKSCVESCQEETNNYHVGFRNVTCCRSDLCNVNGARGLSPSPAAILSASLLGLFGALLRTPL,Ornithorhynchus anatinus,9258,147Oran3_O,Ly-6,"['A0A6I8PR13', 'A0A6I8N3E9']"
ncbiblast-R20230118-033350-0540-31558468-p1m,FINISHED,MQCYHGGDLNTIKTCDKRDPLCFKKLFNNPFFKAPKTLRGCASRCPPDYDCCSTDLCNA,Calliophis bivirgatus,8633,1481Cbivi_,3FTx,['A0A898IL83']
ncbiblast-R20230118-033357-0261-77334620-p1m,FINISHED,WDCYQGDNPKIVVTCSKSKHLCFKTVFLDPPRTLRGCTFRCPPHARCCAANKCNF,Calliophis bivirgatus,8633,1483Cbivi_,3FTx,['A0A898IL31']
ncbiblast-R20230118-033403-0544-70601737-p1m,FINISHED,WDCYQGDNPKIVVTCSKSKHLCLKTVFLDPPRTLRGCTFRCPPHARCCSAKKCNF,Calliophis bivirgatus,8633,1485Cbivi_,3FTx,['A0A898INB4']
ncbiblast-R20230118-033410-0177-60536064-p1m,FINISHED,RDCYQGDKPKIVVRCKREEHLCFKTILPDKVVRGCTSECPPYTPCCAANRCNG,Calliophis bivirgatus,8633,1487Cbivi_,3FTx,['A0A898IKH0']
ncbiblast-R20230118-033416-0763-51126960-p1m,FINISHED,RECYQGDNPKTIVTCPKGHHLCYKKTYTNPKRTIRGCASRCPSDYSCCAANKCNK,Calliophis bivirgatus,8633,1489Cbivi_,3FTx,['A0A898ILG1']
ncbiblast-R20230118-033423-0124-83204894-p1m,FINISHED,RECYQGDNPKTIVTCPKGHHLCYKKTYTNPKRTIRGCASRCPTDYSCCAANKCNK,Calliophis bivirgatus,8633,1491Cbivi_,3FTx,['A0A898IPN0']
ncbiblast-R20230118-033437-0007-16772591-p1m,FINISHED,WQCYGGDNPKTIVTCPKGHHLCYKKTYTNPKRTIRGCASRCPSDYSCCAANKCNK,Calliophis bivirgatus,8633,1495Cbivi_,3FTx,['A0A898IN91']
ncbiblast-R20230118-033450-0922-61916865-p1m,FINISHED,WRCYQGDNAKTIVTCRKGLNLCYRKTFPKPKKTLRGCTSICPPSYSCCAANKCNK,Calliophis bivirgatus,8633,1499Cbivi_,3FTx,['A0A898ILU1']
ncbiblast-R20230118-033503-0975-79688280-p1m,FINISHED,RDCYEGDKPKTVVKCKIGENLCFTTILSDKTIRGCAHRCPPKSSCCAANRCNRF,Calliophis bivirgatus,8633,1501Cbivi_,3FTx,['A0A898IKW1']
ncbiblast-R20230118-033524-0422-6367206-p1m,FINISHED,RECYQGDNPKTIVTCKRGQNLCYRTILPSKTVRGCATLCPPNSGCCAANRCNR,Calliophis bivirgatus,8633,1507Cbivi_,3FTx,['A0A898IKK6']
ncbiblast-R20230118-033536-0557-77755301-p1m,FINISHED,WQCYGGDNPKTIVTCKRGQNLCYRTILPSKTVRGCATLCPPNSTCCAANRCNR,Calliophis bivirgatus,8633,1509Cbivi_,3FTx,['A0A898IKB4']
ncbiblast-R20230118-033556-0473-60966625-p1m,FINISHED,RKCYQGGNPKTIVTCQKGENLCYKKTLPKQTLRGCGTICPPPSACCAADRCND,Calliophis bivirgatus,8633,1515Cbivi_,3FTx,['A0A898ILD4']
ncbiblast-R20230118-033316-0423-18935769-p2m,FINISHED,LQCYQGTDLKTVVTCPNQHQQCFKLTSTFPPKTMRGCGFLCLSRATCCSTDLCNK,Calliophis bivirgatus,8633,1473Cbivi_,3FTx,"['A0A898IK81', 'A0A898IN79']"
ncbiblast-R20230118-033329-0812-93565216-p2m,FINISHED,LQCYKGDDPKILVTCEKGQNECYIRTFPRPPVTIRGCTSRCLARVNCCSTDKCNA,Calliophis bivirgatus,8633,1477Cbivi_,3FTx,['A0A898IN96']
ncbiblast-R20230118-033549-0708-50762296-p1m,FINISHED,RKCYQGDNPITIVTCKRGQSLCYRKVLPPPTLRGCAHRCPPNSVCCAANRCNR,Calliophis bivirgatus,8633,1513Cbivi_,3FTx,['A0A898IPF7']
ncbiblast-R20230118-033430-0039-59349297-p2m,FINISHED,WQCYEGDNPKTVVTCPKGHHLCYKKTYTNPKRTIRGCASRCPSDYSCCAANKCNK,Calliophis bivirgatus,8633,1493Cbivi_,3FTx,['A0A898IN64']
ncbiblast-R20230118-033443-0487-79091017-p2m,FINISHED,SRCYQGDNPKTRVTCSKGKNLCYRKTIPETMETLRGCTSRCPPGYSCCAADSCNK,Calliophis bivirgatus,8633,1497Cbivi_,3FTx,['A0A898IPM2']
ncbiblast-R20230118-033457-0628-27349679-p2m,FINISHED,MQCYMCLGATSNANCLTPTTCRSYDAYCQTVSSASITKYCAPSCTPGSSSFGGVTGTVSCCNTDLCNVTHWGDEDTSYSVNNCMVPRAWQVSISQYIYYSKYPSTYIQTAIYTI,Xenopus tropicalis,8364,149Xetr_2_,Ly-6,[]
ncbiblast-R20230118-033510-0399-45768182-p2m,FINISHED,LQCYQGTDLNTVVTCKRGQNLCFKKVLPFKTVRGCAHRCPPNSVCCAANRCNR,Calliophis bivirgatus,8633,1503Cbivi_,3FTx,['A0A898IN56']
ncbiblast-R20230118-033518-0128-93635535-p2m,FINISHED,RECYQGDNPKTIVTCKRGQNLCYRTVLPSKTVRGCATLCPPNSTCCAANRCNR,Calliophis bivirgatus,8633,1505Cbivi_,3FTx,['A0A898IKZ5']
ncbiblast-R20230118-033543-0124-67972604-p2m,FINISHED,RKCYQGGNPKTIMTCKRGQSLCFKKFLPPPTLRGCAHRCPPNSACCAANRCNT,Calliophis bivirgatus,8633,1511Cbivi_,3FTx,['A0A898IPM8']
ncbiblast-R20230118-033603-0771-42598721-p2m,FINISHED,RECYQGDDPKTVVKCEKGQNLCYRKTLPKQTLRGCATICPPTYACCAANRCNA,Calliophis bivirgatus,8633,1517Cbivi_,3FTx,['A0A898IMZ3']
ncbiblast-R20230118-034159-0981-28640991-p1m,FINISHED,LKCYTCTGESSNANCLNQTNCSDIDTSCQTFVASISLFGVSAKSITKSCTPSCTPGGASFAGATGTVSCCNTDLCNISGAPGVKYSYPALGLSLGFLLVLLRGSAL,Xenopus tropicalis,8364,155Xetr_6_,Ly-6,"['A0A6I8SDI6', 'A0A803J2Q1', 'A0A6I8PP56', 'A0A803JVX7', 'A0A6I8PV61']"
ncbiblast-R20230118-034220-0600-25393049-p1m,FINISHED,KTCYKYDTLFGKTTETCADGQNICFKRWHMLVPGRYHVSRGCAATCPKAQNHDSVECCAKENCNA,Micrurus fulvius,8637,1599Micrur,3FTx,['U3EPM9']
ncbiblast-R20230118-034227-0467-40984058-p1m,FINISHED,LKCYTCTSAPTNAECLTLTTCRSYDAYCETVVRSSSIARASGTISCCKTDLCNISGATGVKYSYPALGLPLGSLLVLLRGSAL,Xenopus tropicalis,8364,159Xetr_3_,Ly-6,['A0A6I8RFS5']
ncbiblast-R20230118-034235-0571-6833177-p1m,FINISHED,LKCYTCVGDSCHGKGQRSTNCSSSDAYCETIVIAAHFDTHKFENIIQKCSSTCEPSNTTIGVLHVTSQCCNNTLCNINGVAVVTASRWAVALAVLTCFAFPLFGSRL,Phascolarctos cinereus,38626,15Phci_8_P,Ly-6,['A0A6P5L4X8']
ncbiblast-R20230118-034242-0071-15603309-p1m,FINISHED,KTCYKYDTLFGKTTETCADGQNICFKRWHMLAPGRYHVSRGCAATCPKAQNHDSVECCAKENCNA,Micrurus tener,1114301,1601Micrur,3FTx,['A0A194APF0']
ncbiblast-R20230118-034249-0064-54085743-p1m,FINISHED,LECYDTPFKWHTMTCPKGQNLCFSYFTWKGILVRGCAATCPVGYSNTHCCDTDRCNEK,Calliophis bivirgatus,8633,1603Cbivi_,3FTx,['A0A898IPN2']
ncbiblast-R20230118-034256-0149-59567721-p1m,FINISHED,LECYDTIFKWHTMTCPKGQNLCFYYFTWRIFLVRGCAASCPVGYSHTHCCDTDKCNK,Calliophis bivirgatus,8633,1605Cbivi_,3FTx,['A0A898IN07']
ncbiblast-R20230118-034303-0371-64242440-p1m,FINISHED,LECYDTIFKWHTMTCPEGQNLCFYYFTWRIFLVRGCAATCPVGYSHTHCCDTDYCNK,Calliophis bivirgatus,8633,1607Cbivi_,3FTx,['A0A898INL0']
ncbiblast-R20230118-034310-0006-41557623-p1m,FINISHED,LECYDTIFKWHTMTCPKGQNLCFYYFTWKIILVRGCAATCPVGYSHTHCCDTDYCNK,Calliophis bivirgatus,8633,1609Cbivi_,3FTx,['A0A898IL04']
ncbiblast-R20230118-034316-0614-44765707-p1m,FINISHED,LECYDTIFKWHTMTCPKGQNLCFYYFTWKIILVRGCAATCPVGYSHTHCCDTDKCNK,Calliophis bivirgatus,8633,1611Cbivi_,3FTx,"['A0A898IN37', 'A0A898IJX5']"
ncbiblast-R20230118-034330-0679-57418849-p1m,FINISHED,LECYDTPFKWHTMTCPKGQNLCFYYFTWKFIFVRGCAATCPVGYSHTHCCNTDKCNEKK,Calliophis bivirgatus,8633,1615Cbivi_,3FTx,['A0A898IKP8']
ncbiblast-R20230118-034351-0706-15596793-p1m,FINISHED,FSCYTCIAQSRNEDCMSTTTCSASEPYCMTTVASAGIGSLKYTSITKTCSIACKASSFGTSLGSGSVSCCSTSLCNVSGASGIKYSYSALVLSLGLLLVLRRN,Xenopus tropicalis,8364,161Xetr_8_,Ly-6,['A0A8J1JV71']
ncbiblast-R20230118-034358-0423-77763617-p1m,FINISHED,LKCYSTPISVITETCPKGMNLCYGKFHFGKFKIFRTRGCTDKCPPGPGTICCDTNKCNK,Calliophis bivirgatus,8633,1621Cbivi_,3FTx,['A0A898IN41']
ncbiblast-R20230118-034404-0979-53628960-p1m,FINISHED,LKCYYTGIGKVYMTCPKEQNICYYGRIKKLFQYRGCAKKCPEGPGYVCCNTDYCNK,Calliophis bivirgatus,8633,1623Cbivi_,3FTx,['A0A898IN63']
ncbiblast-R20230118-034412-0089-6438430-p1m,FINISHED,LKCYNTPFPLIYKTCSAEKNLCYQNTYHVGKFITVVTRGCTDKCLKDYKCCNTDKCNK,Calliophis bivirgatus,8633,1625Cbivi_,3FTx,['A0A898INM0']
ncbiblast-R20230118-034432-0698-49531242-p1m,FINISHED,IKCYNTPLPFIYKTCPEGEKMCFEKSFKIGKFKLYVSRGCTDKCPKGKAVKCCETNKCNK,Calliophis bivirgatus,8633,1631Cbivi_,3FTx,['A0A898ILP2']
ncbiblast-R20230118-034509-0819-55960656-p1m,FINISHED,LTCYTCSGQSTNTNCMTATNCTASQTYCKTSVIAGGIGSLSAATITKSCESICTSVSLSAIVVSTSVSCCSTDLCNTSGAAGIKPSSIGLALSLGFVLLLLRKSSL,Xenopus tropicalis,8364,163Xetr_5_,Ly-6,['A0A8J0R489']
ncbiblast-R20230118-034145-0311-77967376-p2m,FINISHED,MQCYTCASATSNTDCRTLTKCHSTDSYCQTVVSTVCKSVITKSCAPSCTPGINSTAGVTDTVSCCSSNLCNMNWPSGNSVCD,Xenopus tropicalis,8364,151Xetr4_X,Ly-6,[]
ncbiblast-R20230118-034152-0457-84526294-p2m,FINISHED,LKCYTCTSQSTNANCKTEGSCNIYEVFCRTNVVSSTTGISITKSCATSCAPSSVETNTVACCSTDLCNLSGATGVSYSSALLALSLGFALVLVKNSLQ,Xenopus tropicalis,8364,153Xetr_7_,Ly-6,['A0A8J0R7L1']
ncbiblast-R20230118-034206-0633-37168904-p2m,FINISHED,LRCYTCTGATNANCLTQTDCGSTNTSCATVVGSVLGQPIIIKSCTLNCTPRSSSSARGTSTISCCNTDLCNGATGVKYTYPALGLSLGFLLVLLRGSAL,Xenopus tropicalis,8364,157Xetr_1_,Ly-6,"['A0A8J1JUU1', 'A0A8J0R645', 'A0A6I8Q7E6']"
ncbiblast-R20230118-034213-0396-66546592-p2m,FINISHED,KTCYKYYSSFWKITETCPDGQNLCYKRWHMLAPGRYDILRGCAATCPIAQNHDSIECCAKDNCNM,Micrurus altirostris,129457,1597Micrur,3FTx,['F5CPE5']
ncbiblast-R20230118-034502-0858-88012780-p1m,FINISHED,LICYNTPLKDISKTCAEGENLCYYGRKDAIWNMYYIRGCADKCPEGYACCKTDYCNKQGKNPL,Calliophis bivirgatus,8633,1639Cbivi_,3FTx,['A0A898IKR2']
ncbiblast-R20230118-034323-0922-36898851-p2m,FINISHED,LECYDTIFKWHTMTCPKGQNLCFYYFTWKIILVRGCAATCPVGYSHTHCCDTDKCNN,Calliophis bivirgatus,8633,1613Cbivi_,3FTx,"['A0A898IJX5', 'A0A898IN37']"
ncbiblast-R20230118-034337-0615-96855252-p2m,FINISHED,LECYDTPFKWHTMTCPKGQNLCFYYFTWKIILVRGCAATCPVGYSHTHCCNTDKCNEKQ,Calliophis bivirgatus,8633,1617Cbivi_,3FTx,['A0A898IN02']
ncbiblast-R20230118-034344-0880-5452001-p2m,FINISHED,LKCYNTIFPAIYKTCPKGQNLCYLKRQRFDYLVILVSRGCTDKCPKDGVCCNTDKCNV,Calliophis bivirgatus,8633,1619Cbivi_,3FTx,['A0A898IPK1']
ncbiblast-R20230118-034418-0713-64685057-p2m,FINISHED,IKCYKTPLPHFAKTCPEGKNQCYQKSYQIGKFKYVSKGCAVKCPKGYKCCKTDYCNK,Calliophis bivirgatus,8633,1627Cbivi_,3FTx,['A0A898IPK7']
ncbiblast-R20230118-034425-0953-57940279-p2m,FINISHED,IKCYNTPLPLIYKTCPEGKNQCYQKSFKIGKFKIYVSRGCTDKCPKGKAVKCCETNKCNK,Calliophis bivirgatus,8633,1629Cbivi_,3FTx,['A0A898IN78']
ncbiblast-R20230118-034446-0582-12183477-p2m,FINISHED,LICYNTPIKWISKTCAPEEKVCYFGSVMQMFLIRGCAEKCPKGYGCCRTDYCNK,Calliophis bivirgatus,8633,1635Cbivi_,3FTx,"['A0A898IN21', 'A0A898IN50']"
ncbiblast-R20230118-034439-0923-39473902-p2m,FINISHED,IKCYNTPLPFIYKTCPEGEKMCYEKSFNIGKFKLYVSRGCTDKCPKGKAVKCCETNKCNK,Calliophis bivirgatus,8633,1633Cbivi_,3FTx,['A0A898IPN6']
ncbiblast-R20230118-034454-0857-59051293-p2m,FINISHED,LICYNTPLKDISKTCAEGENLCYYGRKDAIWNMYYIRGCADKCPEGYACCKTDYCNKPG,Calliophis bivirgatus,8633,1637Cbivi_,3FTx,['A0A898IL27']
ncbiblast-R20230118-035050-0888-94402636-p1m,FINISHED,LICYNTPLKDISKTCAEGENLCYYGRKDAIWNMYYIRGCTDKCPKGKAVKCCETNKCNK,Calliophis bivirgatus,8633,1641Cbivi_,3FTx,['A0A898IJZ2']
ncbiblast-R20230118-035119-0414-25154972-p1m,FINISHED,RICLTDYSIFYETTETCPEGQNICIKKFPKGIPFLPWIIRGCAATCPKRDRHTYIECCAADKCNR,Micrurus tener,1114301,1661Micrur,3FTx,['A0A194ARB6']
ncbiblast-R20230118-035125-0768-75287883-p1m,FINISHED,LKCYTCKEPMTSASCRTITRCKPEDTACMTTLVTVEAEYPFNQSPVVTRSCSSSCVATDPDSIGAAHLIFCCFRDLCNSEL,Homo sapiens,9606,167Hosa_3_,Ly-6,['P55000']
ncbiblast-R20230118-035133-0620-14351265-p1m,FINISHED,LQCYTCKEPTDISKCRTPTECPPKAKVCTTTLHSVDLGYPFFGNVTVTRSCEEECITYDGIGSNRPTSCCYTDLCSDDTKSSKGERSSSAALGVMAMVFGTLLQGVL,Gallus gallus,9031,169Gaga_2_,Ly-6,['A0A1L1RJC1']
ncbiblast-R20230118-035147-0817-32379499-p1m,FINISHED,LRCYTCPQETDLFQCTQVISCSPTDTICKTTTYSVDSGYPFFGNITVTKGCANKCVASDVDGIGITRPVSCCNTDLCNTDGAAGLTAGTLTLGAAAALAHLLLRLWP,Ornithorhynchus anatinus,9258,173Oran2_O,Ly-6,['F6XD70']
ncbiblast-R20230118-035201-0899-93840996-p1m,FINISHED,LMCFTCNMKKSYINCLKISFCAIDENHCLSEVVSLTVEPKQKNITKSCSSTCPGSGYTTEKTVVTIRCCQHTLCNMFSNGGGLRGSSLVLGLSVLFSLLYTLVRPGA,Phascolarctos cinereus,38626,17Phci_14_,Ly-6,['A0A6P5KXD8']
ncbiblast-R20230118-035208-0693-9170141-p1m,FINISHED,LKCYSCQQPTNVSECTTIADCAPDETMCKTTMYSLEEVYPFLGDATVTKACAQKCVPSDVDGIGLTRPVSCCNQDLCNTGGAAALGSFGGVVFTLLFFTFLLLYTRI,Phascolarctos cinereus,38626,181Phci_3_,Ly-6,"['A0A6P5L1H6', 'A0A6P5KXD2', 'A0A6P5L4X3']"
ncbiblast-R20230118-035222-0369-50725610-p1m,FINISHED,LRCYVCPEPTGVSDCVTIATCTTNETMCKTTLYSREIVYPFQGDSTVTKSCASKCKPSDVDGIGQTLPVSCCNTELCNVDGAPALNSLHCGALTLLPLLSLRL,Homo sapiens,9606,185Hosa_4_,Ly-6,"['F1T0L0', 'Q6UXB3']"
ncbiblast-R20230118-035229-0464-88235546-p1m,FINISHED,LRCFSCHHPTDTSACATIVNCTQNDTMCKTTMYSRETVFPFLGDATVTKSCSEKCIPSDADGIGITRPVSCCNTDLCNADGAASLTAGTLIPGATTVVCLLLRAGT,Ornithorhynchus anatinus,9258,187Oran1_O,Ly-6,['F6XD96']
ncbiblast-R20230118-035236-0243-12936302-p1m,FINISHED,LTCYTCHEPITTSECTMIRNCSSNETMCKTTLYSREDVYPYLGDSTVTKMCAPRCVPSDVDGIGITRPVTCCNTDLCNSDGAASLQASSVVVGLTTTALCMLLRTGLSWSPVGEELWR,Alligator sinensis,38654,189Alsi_3_,Ly-6,['A0A1U7RXS3']
ncbiblast-R20230118-035249-0783-83993944-p1m,FINISHED,LQCYSCKELTTASQCMTIVNCSAEDTMCKTTMYSLEDVYPFLGDSTVTRACSTKCEPSDVDGIGTTRPVTCCFTDLCNFDGATSIQMSYILLGSSIASFFILLGYQW,Anolis carolinensis,28377,193Anca_3_,Ly-6,['A0A803SUY0']
ncbiblast-R20230118-035257-0118-32781747-p1m,FINISHED,LLCYSCQEPTTAEQCLAVANCSETDTMCKTTMYSREEVYPFVGDSTVTRSCSSKCIPSDVDGIGTTRPVTCCNTDLCNHDAASSVRVSHAALGAAAASFLLLLRPGP,Varanus komodoensis,61221,195Vako_dn,Ly-6,['A0A8D2LRW6']
ncbiblast-R20230118-035303-0727-58206217-p1m,FINISHED,LRCYTCKEPTDLSACTTISNCSKNDTVCKTTLHSVDSGYPFFRNITVSKSCAETCMPSDPDGIGESHPISCCYSDLCNAGGVPGLRASAVAITAATLWTLLRVML,Chelonia mydas,8469,197Chmy_2_,Ly-6,['M7BEI7']
ncbiblast-R20230118-035311-0284-78242238-p1m,FINISHED,LKCYTCKRPTDLGKCVSITNCSAEMTACRTTVLSLDTGYPFFGNVSVEKSCSKDCKPSDPDSLGERHPDYCCYTDLCNVGAGSEVSAIVSTTTVAVTLALALLWTGL,Anolis carolinensis,28377,199Anca_2_,Ly-6,['H9G4V9']
ncbiblast-R20230118-035325-0225-74298681-p1m,FINISHED,LRCYTCESQFSKEFCLNDTPCPSSSNYCKTLISSGLTDSGHLTTYSMWCADFCEPLTKTVHGTFFMVSCCSSSLCGADSLDRKEERDGAAAVAGGSLAALGASVLLGLLGAGL,Ornithorhynchus anatinus,9258,1Oran_dn_1,Ly-6,[]
ncbiblast-R20230118-035331-0779-48404317-p1m,FINISHED,LSCHVCSIDYLCEAPKTCKLTDKYCVIVINVDDEATSVLKYCSETCPFGEGLIGRQFRNYYTGCCVTNLCNFGKIGEGHKMGANIPVVAMALVACFTGAFRIGL,Phascolarctos cinereus,38626,207Phci_11,Ly-6,[]
ncbiblast-R20230118-035349-0324-36552503-p1m,FINISHED,LQCYTCNDSKYAGCPDIENCSETDHFCMRYTTTSKSGFRILQGCVEICPISKSAWPHLYTLTCCQENRCNSARDENCSTGLLATAIFTGLLRSLMDVDLLT,Varanus komodoensis,61221,211Vako_dn,Ly-6,[]
ncbiblast-R20230118-035356-0220-43033418-p1m,FINISHED,LDCYRCNVTTYSGCTYVVNCSETQKFCTRYTSTTTSGFVLQQGCAERCPIVRGTWPKLYTFTCCQESRCNGVAGIGRYSSALIMITVLRALS,Pogona vitticeps,103695,215Povi_4_,Ly-6,"['A0A6J0V3N9', 'A0A6J0V7J7']"
ncbiblast-R20230118-035411-0003-16610768-p1m,FINISHED,LHCYNCTGAMKSSQCNSIACSVSDTRCGSFEIADKNGPGNKIIYFKGCTNTSCGEFFMELWGKANKEIPTSLLQVDYSCCSKDLCNGADGVRGSPLALIGTLLLSFGPAFWAML,Phascolarctos cinereus,38626,219Phci_15,Ly-6,['A0A6P5KXK3']
ncbiblast-R20230118-035417-0749-5229317-p1m,FINISHED,LICFTCEGETSNWSCLVMKVCSKHEQRCLTIGTVSGTGMDTKVLITKTCAERCPSEEENPDRALNSLFCCERTWCNLGPPR,Varanus komodoensis,61221,21Vako_dn8,Ly-6,[]
ncbiblast-R20230118-035058-0423-59689644-p2m,FINISHED,LQCYNTPLPFFFQTCPKGKNNCFKFKLRLASLELFNVKGCIGYCPKKRGFVCCSTNKCNG,Calliophis bivirgatus,8633,1643Cbivi_,3FTx,['A0A898IL68']
ncbiblast-R20230118-035105-0631-16976507-p2m,FINISHED,LQCYNTPLPFFFQTCPKWKNNCFKRTLYLGPLKLFNVKGCIGFCPKISGFVCCSTNKCNG,Calliophis bivirgatus,8633,1645Cbivi_,3FTx,['A0A898IKZ4']
ncbiblast-R20230118-035112-0162-10054231-p2m,FINISHED,LRCFTCTKPTDLANCLTIANCSEGEGTCKTTVHSVIPFSETSLLPNLAPKSACQRSQTG,Varanus komodoensis,61221,165Vako_dn,Ly-6,['A0A8D2LSV9']
ncbiblast-R20230118-035141-0075-568967-p2m,FINISHED,LQCYTCRAPTDIRRCTRIATCKPNELACRTTELSVDSGYPFFGNITITRGCSSNCVPSSPWGIGVKHPVSCCYTDLCNSNPNGVVGLKANHAVLGITAAVLCILAKAPL,Alligator sinensis,38654,171Alsi_2_,Ly-6,['A0A1U7S8K8']
ncbiblast-R20230118-035155-0210-44351565-p2m,FINISHED,LKCYTCHEPTASEKCMKIQKCAKNETMCKTTMYSLEEVYPFVGLSTVTKMCSSVCSPSDVDGIGMTRPVSCCYSNLCNIDGAASLRISFVPVGMLASVVCGLFWSRL,Gallus gallus,9031,179Gaga_3_,Ly-6,"['A0A8V0Y2Z3', 'A0A8V0XZJ9', 'A0A3Q2TUN5']"
ncbiblast-R20230118-035215-0849-21897188-p2m,FINISHED,LQCYTCQEPMSAPLCMTISNCSTDDIMCKTVMYSREEVYPFVGDSTVVKSCAQKCIPSDVDEIGSSRPTFCCNSDLCNQDGAVSIQISYVAMGISASFFCILLRTGL,Chelonia mydas,8469,183Chmy_3_,Ly-6,['M7B3E5']
ncbiblast-R20230118-035243-0029-60627986-p2m,FINISHED,LRCYSCHDPTTASNCLRVTNCTQNETMCKTTLYSREDVYPFVGDSTVTRSCALQCVPSDVDGIGTTHPVTCCNTDLCNADGAASLHISYLAVGACFATFFLCLKLRL,Pogona vitticeps,103695,191Povi_3_,Ly-6,"['A0A6J0V3I0', 'A0A6J0V7J7']"
ncbiblast-R20230118-035318-0492-89851968-p2m,FINISHED,LHCYACQKANAPSACLFSSECSASERHCVAIYNETSDHKPSISKQCAEKCPEIKETGVKVVCCEDSYCNGKGAVSMKTSYATLIVAMLASFLYILPMEL,Pogona vitticeps,103695,19Povi_7_P,Ly-6,['A0A6J0V7L5']
ncbiblast-R20230118-035342-0098-99034227-p2m,FINISHED,LECFSCNVSKYIGCTVVVNCTTTEAYCMMRTATTTDGFIIEQGCVEVCPVAVTTWPVLYTYICCQENYCNSAASTRKSISLFTIVIFTKAYAVLEL,Anolis carolinensis,28377,209Anca_4_,Ly-6,[]
ncbiblast-R20230118-035425-0116-50230897-p2m,FINISHED,LWCQDCTLTTNSSHCTPKQCQPSDTVCASVRITDPSSSRKDHSVNKMCASSCDFVKRHFFSDYLMGFINSGILKVDVDCCEKDLCNGAAGAGHSPWALAGGLLLSLGPALLWAGP,Homo sapiens,9606,221Hosa_14,Ly-6,"['O94772-2', 'O94772']"
ncbiblast-R20230118-035908-0248-79233302-p1m,FINISHED,LQCHACTVVNHAGVCQTKTCSHGESTCFKVLLTHSASRVKSYVKDCTTSCKDVKSSLAMLQIQGFSVHVNCCDTDLCNGVDGVRSNLWALAGALLLSLGPALLWFGL,Phascolarctos cinereus,38626,223Phci_16,Ly-6,['A0A6P5L1I1']
ncbiblast-R20230118-035916-0055-76312204-p2m,FINISHED,LKCYVCENSSNCKTEKVCSPSARYCETVTSYNPLNGNLIVKRCSETCFGKNETHQGTITRTTCCHTDLCNSRVANGVVHAAASPSVLVLGTLLGLVCVLLRPGL,Ornithorhynchus anatinus,9258,225Oran6_O,Ly-6,['A0A6I8N2M3']
ncbiblast-R20230118-035922-0509-73538394-p1m,FINISHED,LRCHVCTSSSNCKHSVVCPASSRFCKTTNTVEPLRGNLVKKDCAESCTPSYTLQGQVSSGTSSTQCCQEDLCNEKLHNAAPTRTALAHSALSLGLALSLLAVILAPSL,Homo sapiens,9606,227Hosa_7_,Ly-6,['Q14210']
ncbiblast-R20230118-035929-0629-44581304-p1m,FINISHED,LQCHVCESADNCKKAILCPGSSHFCKTTISFQRLSGNLVKKECADYCAAQNSDAGQTQPQIRCCTTDLCNAGIENSAPIPTLLSHAVLALSLTLALVSILY,Phascolarctos cinereus,38626,229Phci_7_,Ly-6,['A0A6P5L4Y3']
ncbiblast-R20230118-035937-0058-19168450-p1m,FINISHED,LICFQCENEASNWNCLRATRCSQGERRCVTIGTVTAKGNDSQVLITKKCAERCPSEKEYPNRALNSLFCCENCWCNLWPPK,Pogona vitticeps,103695,23Povi_9_P,Ly-6,['A0A6J0V7K1']
ncbiblast-R20230118-035950-0391-390572-p1m,FINISHED,LKCHECVGIGDCLNPTDCNNQTKYCLNTWDTPPGEKTWVTKSCAYTCPSADEIYGSSPASCCRTDLCNSALTIGASGLLLISCLWAGASGTLS,Phascolarctos cinereus,38626,281Phci_13,Ly-6,['A0A6P5KZB8']
ncbiblast-R20230118-035956-0954-63784849-p1m,FINISHED,LDCHVCTANDNDCLNPVRCPGLVIYCKTIRAYSPAVVYKSCAASCTKDGVEEIQIKQNAKVSCCQTDLCNGAASRSSGLILTGLLSVFWGLFTLGL,Phascolarctos cinereus,38626,283Phci_6_,Ly-6,['A0A6P5KZ16']
ncbiblast-R20230118-040019-0014-22984398-p1m,FINISHED,LECYVCEYKGYNCFKPMRCPNYVNYCMTTRTYITPTRVTVSKSCVPTCFETLYDGYTKNAATTSCCQYDYCNGASLGAQASSALALTTILSTLWGLLPPSL,Phascolarctos cinereus,38626,289Phci_4_,Ly-6,['A0A6P5L1I6']
ncbiblast-R20230118-040025-0376-25553445-p1m,FINISHED,LRCHVCHSESSDCQNPVECKPNELACFSNYKEITNGSETIRSTVKNCTANCDHCESEPTPVTSFFLSSMCCNKDLCNWANSGSSSFGVGVLGTVISLTCTLLRI,Ornithorhynchus anatinus,9258,291Oran9_O,Ly-6,[]
ncbiblast-R20230118-040045-0942-45691404-p1m,FINISHED,LQCHVCCGHENCESLVECSATDKYSNPSGILVMKSCAPTCPNSTVSSDGRALSVSCCQGNMCNRSAATGVRGSQAMVWAAAISASLLCALFRARL,Ornithorhynchus anatinus,9258,297Oran_2_,Ly-6,[]
ncbiblast-R20230118-040053-0352-53347642-p1m,FINISHED,LRCHVCSTKNGSCSNPTNCSKTDFYCTTLSNGLNSSMYFLEKNCSSVCPLSTRQPFLSCCRTDLCNGANGMRLGCFALVMCIFASFFGASVRTGV,Alligator sinensis,38654,299Alsi_4_,Ly-6,[]
ncbiblast-R20230118-040100-0021-7976570-p1m,FINISHED,LHCYKCQDAKSHGECKDTVKCMDLDRVCVTLEHRNPAQELLISKWCAPECPAFTSEIKVAKANFSSNCCEMDYCNSGGPSSVKTSHALVAVATLASFAYILRTGL,Varanus komodoensis,61221,29Vako7_Va,Ly-6,[]
ncbiblast-R20230118-040106-0821-82854228-p1m,FINISHED,IWCHQCTGFGGCSHGSRCLRDSTHCVTTATRVLSNTEDLPLVTKMCHIGCPDIPSLGLGPYVSIACCQTSLCNHD,Homo sapiens,9606,301Hosa_5_,Ly-6,"['P0DP58-2', 'P0DP57', 'H0YB12']"
ncbiblast-R20230118-040121-0392-60811483-p1m,FINISHED,LSCYRCENVKFHQNCTQHRCSDMDQYCVSLYSESPGKDTFISKWCSAVCPTVYTEIKGAKTGFKSACCKTDYCNSGGPSSVKTSYALMATAALASFFCILRTGF,Anolis carolinensis,28377,31Anca_7_A,Ly-6,['R4GCU5']
ncbiblast-R20230118-040128-0179-64455146-p1m,FINISHED,LQCYKCENVKSHADCKLIRCSDLDRHCVSFYHERAGEATSINKYCAPSCPNFNTEVKGSSKISSTCCETDGCNSGGPSTVKTSYSLMALATLASFFYALRTGL,Pogona vitticeps,103695,33Povi_8_P,Ly-6,[]
ncbiblast-R20230118-040134-0556-23880307-p1m,FINISHED,LMCYTCDSERYRKNCLSTITTCNDNDRYCVILRKNIGTYRKRPKYITTKMCSQECPEMSTKQNRTSTRVFCCDKPLCNASGDSSTRNSYVMLSLGTLASFIYILRSGP,Alligator sinensis,38654,35Alsi_6_A,Ly-6,['A0A1U7SFY4']
ncbiblast-R20230118-040141-0334-62183277-p1m,FINISHED,FMCYTCQGETSNKYCMKISMCAKEDKYCVTIKDVIDTGYKSKYRISKMCSPECPKMEGKTAAKVFCCDKLLCNVNGTSSIETSYLMISMGILANFIYIFRSGL,Chelonia mydas,8469,37Chmy_9_C,Ly-6,['M7AN30']
ncbiblast-R20230118-040148-0158-79215611-p1m,FINISHED,FMCYVCQQQESNKDCLTISMCAKEDKYCVTVRDNVGTNPDKPKYVISKMCSPTCNATSQQQNQAHRNVSCCEKPLCNVNGGSSKQGSYGAMFLGVLASITYIFACGR,Gallus gallus,9031,39Gaga_5_G,Ly-6,"['A0A8V0Y052', 'A0A3Q2U1U4']"
ncbiblast-R20230118-040154-0720-63001944-p1m,FINISHED,LECYTCESESIEEHCNKIKTCAPSQTFCKTIITRGNADSNYLTTFSAWCSDTCKEATKIIEGTHVTVNCCQSDMCNPLLVDGKASDTNAKANCGGILTGVGVTTLFMLLCSWLGRDL,Phascolarctos cinereus,38626,3Phci_17_P,Ly-6,['A0A6P5KXJ8']
ncbiblast-R20230118-040201-0023-49796706-p1m,FINISHED,LICYTCNAQPSNDLCMVADDCPNNAKYCGTTVVMNPPGFSSGIRISKMCMVMCQETRQNNGSMSTTCCHTDYCNYNSAATSGISAAVLVAAFLASSLHLLSWTGP,Alligator sinensis,38654,41Alsi_10_,Ly-6,['A0A1U8DNP4']
ncbiblast-R20230118-040208-0291-88529618-p1m,FINISHED,LKCYTCIAQSSNDQCLIPTDCTDGDKYCATIVGTDKSSSSGAVRITKLCLPMCTAASQHAGLGDVSTSCCQRDYCNRSGAAGLRISYATLGVGILASFVCLLVWTRL,Chelonia mydas,8469,49Chmy_13_,Ly-6,[]
ncbiblast-R20230118-040215-0595-94463698-p1m,FINISHED,LKCYTCTAQSSNDRCMTPTACSAADKYCMTIVGALEIGSPGAVRLSKLCMPECTETNTHGISTSCCQSDFCNSNGAAGERLSNVMLLAGIVGPLARLFL,Pogona vitticeps,103695,51Povi_12_,Ly-6,"['A0A6J0V3N4', 'A0A6J0VA23', 'A0A6J0V3H5']"
ncbiblast-R20230118-040222-0519-35682784-p1m,FINISHED,LMCFSCLNQKSNLYCLKPTICSDQDNYCVTVSASAGIGNLVTFGHSLSKTCSPACPIPEGVNVGVASMGISCCQSFLCNFSAADGGLRASVTLLGAGLLLSLLPALLRFGP,Homo sapiens,9606,53Hosa_11_,Ly-6,"['Q53G57', 'Q16553', 'Q7Z787', 'E5RIQ1']"
ncbiblast-R20230118-035943-0730-30342991-p2m,FINISHED,LVCFTCEDQTSNWACLRMTICPKEEKRCITVGTVSGTGNKSNVLITKKCARSCPSERDFPNRTLNSIFCCENAWCNIGRPK,Anolis carolinensis,28377,27Anca_8_A,Ly-6,['H9G4X2']
ncbiblast-R20230118-040004-0152-94779425-p2m,FINISHED,LQCHVCSHPNNCMQPMRCPALVTHCMTTRTYQTPTRILVSKSCVPKCYPTVEDIYTKYATHVTCCQYDLCNGATPAQSSPVTLGLGVFASLLCTLLWAGQ,Ornithorhynchus anatinus,9258,285Oran_dn,Ly-6,['F6XIX4']
ncbiblast-R20230118-040011-0430-36292678-p2m,FINISHED,LDCHVCAYNGDNCFNPMRCPAMVAYCMTTRTYYTPTRMKVSKSCVPRCFETVYDGYSKHASTTSCCQYDLCNGTGLATPATLALAPILLATLWGLL,Homo sapiens,9606,287Hosa_6_,Ly-6,"['P0DP58', 'A0A087WYG6', 'A0A087WZS0', 'P0DP58-2']"
ncbiblast-R20230118-040032-0717-57798531-p2m,FINISHED,LECHVCCGPESCRAPVECSPTDKHCLITRAINSINPNHILVMKSCAPTCPNSTISTDGHAISVACCQSNRCNGKVETDASAGLAISRGVLWVGVSASLLWVLLQASW,Phascolarctos cinereus,38626,293Phci_5_,Ly-6,['A0A6P5KXK8']
ncbiblast-R20230118-040039-0377-65306037-p2m,FINISHED,LQCHVCCGHENCESLVECSATDKYCVITRATNPSGILVMKSCAPTCPNSTVSSDGRALSVSCCQGNMCNRSAATGVRGSQAMVWAAAISASLLCALFRARL,Ornithorhynchus anatinus,9258,295Oran7_O,Ly-6,[]
ncbiblast-R20230118-040114-0161-6264607-p2m,FINISHED,LKCHQCKDFYDCRGPVICPPFSTHCLTASSKSMGRTLISKMCYTNCPNTKASGFGDYASIACCQADLCNHGGVAHVEVSYVTLVLGLSFSLICTLLLRTGL,Ornithorhynchus anatinus,9258,303Oran_dn,Ly-6,[]
ncbiblast-R20230118-040233-0407-743234-p2m,FINISHED,LWCYRCEDEPSNWNCMKMVKCAETDRYCTTTVTTSGRDNNVSYRLNKKCVPTCTENFIDTGMGSVSTKCCESSLCNISGANSVKISSTVMALGTLASFLYIFRSGL,Pogona vitticeps,103695,61Povi_11_,Ly-6,['A0A6J0VA27']
ncbiblast-R20230118-040818-0146-29256597-p1m,FINISHED,LWCYRCEEEPSNWNCMKMVKCDEMDKYCSTTVTTTRNGENTTYRLSKKCAPHCTAKFSDTSSGSTSTSCCENSLCNISGASSVKTNGAMVTFGILASLFYIFRSGL,Anolis carolinensis,28377,63Anca_10_,Ly-6,['R4G9L9']
ncbiblast-R20230118-040846-0810-69175735-p1m,FINISHED,LRCYVCNEEPSNLNCLASKECASHEKYCMTTYVSGGLRNEKDFRITKKCAADCSKSDVNLGVSSISTNCCDTWLCNISGASSVKTSFVVMAFGVLASFLCVLRVGL,Alligator sinensis,38654,71Alsi_8_A,Ly-6,['A0A1U7S8L3']
ncbiblast-R20230118-040853-0481-97960715-p1m,FINISHED,LFCYTCENEHSNWNCLKTYKCEDHEKYCTTTYSAAGFGKDMGYRITKKCSADCPETNTDFGVVAISTKCCKTSLCNFSGANSVKLSYAVMFLGTVASLICVIRAGL,Gallus gallus,9031,73Gaga_7_G,Ly-6,"['A0A8V0XVM4', 'A0A8V0XRA0', 'A0A1D5NZ12']"
ncbiblast-R20230118-040900-0297-96807879-p1m,FINISHED,LRCFSCKDAPSNIHCFSTTTCADHEKYCLTTYSTKGLGDDRQQSITKKCAAFCPSIDLNIGIAGLATSCCQTSLCNISGASSVKTSYTVIAVGVLASLACILRLGL,Gallus gallus,9031,75Gaga_6_G,Ly-6,['A0A1D5PBH3']
ncbiblast-R20230118-040907-0817-51026847-p1m,FINISHED,QTQQEEEEEDEDHGPDDYDEEDEDEVEEEETNRLPGGRSRVLLRCYTCKSLPRDERCNLTQNCSHGQTCTTLIAHGNTESGLLTTHSTWCTDSCQPITKTVEGTQVTMTCCQSSLCNVPPWQSSRVQDPTGKGAGGPRGSSETVGAALLLNLLAGLGAMGARRP,Homo sapiens,9606,5Hosa_15_H,Ly-6,['Q8IV16']
ncbiblast-R20230118-040928-0238-2428088-p1m,FINISHED,LMCHICEVKNDYLCENPVTCEWNETYCLLVAMRIDRYNVLVSKTCSLYCPFTKEIRKEFSASSFEYAQCCSRNLCNMPNAASGPLNHWGLLMLLGTLGLGYLAPRAGLGQRGGVVLWDSPRGG,Ornithorhynchus anatinus,9258,7Oran8_Orn,Ly-6,[]
ncbiblast-R20230118-040955-0939-38326796-p1m,FINISHED,LVCWSCEGAESNWGCWRWQICSNSDNYCATTYIGASLGGYSKQSISKGCVPICPASGVNIGIMAASVNCCSSFLCNISGASSVKSNQLVLAAGMLASLLYLFGPRL,Varanus komodoensis,61221,91Vako5_Va,Ly-6,['A0A8D2LQ70']
ncbiblast-R20230118-041002-0439-52516098-p1m,FINISHED,LVCFTCNDASSNWACLTPVACSDGENHCVTTYFSASVGSQSGQTISKGCASICPNAGINLGIAAASVTCCDSFLCNISGASGVKASYTVMATGILASIIYILQVGV,Alligator sinensis,38654,93Alsi_5_A,Ly-6,['A0A1U7S4M8']
ncbiblast-R20230118-041009-0890-90553405-p1m,FINISHED,LICFSCSDASSNWACLTPVKCAENEEHCVTTYVGVGIGGKSGQSISKGCSPVCPSAGINLGIAAASVYCCDSFLCNISGSSSVKASYAVLALGILVSFVYVLRARE,Gallus gallus,9031,95Gaga_4_G,Ly-6,"['A0A8V0Y033', 'A0A1D5P7D9', 'Q90986']"
ncbiblast-R20230118-041023-0924-59717593-p1m,FINISHED,LVCFTCTDASSNWGCLASTICPSDANYCVTTYIGAGIGGHSGQSISKGCASVCPSGGINIGIAAASVSCCSSFLCNTSGASSVKVSYSVLAMAILASFVYIRAGL,Chelonia mydas,8469,99Chmy_7_C,Ly-6,['M7AUH0']
ncbiblast-R20230118-041030-0615-33358700-p1m,FINISHED,MCHICEVKNNYLCENPVTCEWNETYCLLVAMRIDRYNVLVSKTCSLYCPFTKEIRKEFSASSFEYAQCCSRNLCNMPNAASGPLNHWGLLMLLGTLGLGYLAPRAGLGQRGGVVLWDSPRGG,Ornithorhynchus anatinus,9258,9Oran_1_Or,Ly-6,[]
ncbiblast-R20230118-040825-0633-29764906-p2m,FINISHED,LWCYRCENEPSNWNCIKLVKCAETDSYCSTTVTTSRQGKDTDYRLSKGCAPTCTENNMVTSLGSVSTSCCQRYGCNFSGATSVKTSSAVMVVGILASFFYIFRSGL,Varanus komodoensis,61221,65Vako9_Va,Ly-6,"['A0A8D2Q865', 'A0A8D2LQ59']"
ncbiblast-R20230118-040832-0987-70070745-p2m,FINISHED,LWCYQCEDEPSNQNCLKMAKCAKADKFCVTTVIAAGRGQSSEQQITKACSPNCTEHKVDTGIASVATRCCTSSFCNFEGE,Anolis carolinensis,28377,67Anca_9_A,Ly-6,[]
ncbiblast-R20230118-040839-0748-508470-p2m,FINISHED,LQCYKCEDQSSNSNSIESVKCAETDKFCVSTIITVGKGENAERQFTKGCSPNCTEREVDTGVATVTSKCCTFSFCNK,Pogona vitticeps,103695,69Povi_10_,Ly-6,['A0A6J0V5J2']
ncbiblast-R20230118-040915-0058-14511459-p2m,FINISHED,LTCYVCDKEESNWNCLKPQTCAKEDKYCVTTHSTVGLGKDKEPRISKYCSALCPETNLNIGIASFSASCCETFLCNISGASSVKTSYTVMAAGILASLLYVLRAGL,Alligator sinensis,38654,77Alsi_7_A,Ly-6,['A0A1U7SIJ8']
ncbiblast-R20230118-040921-0617-79876760-p2m,FINISHED,LQCFTCNDEPSNWNCIKITSCAENDKYCLTTYTKTGLGEKAEYRITKACSAECPQTKWNLGIAAMSTSCCQHSLCNISGASSVKTSYTVMAVGILASLIYVLRSGL,Chelonia mydas,8469,79Chmy_10_,Ly-6,['M7BEJ4']
ncbiblast-R20230118-040935-0575-10998821-p2m,FINISHED,FLCYTCNDEPSNWNCVKPTKCADTDKYCLTIYASGGIGDKKGQRITKKCSPVCPQTNLNLGVAAISTSCCEHSLCNISGASSVKTSYTVMAMGILASLIYVLRTGL,Chelonia mydas,8469,81Chmy_11_,Ly-6,['M7B3F0']
ncbiblast-R20230118-040942-0734-79536712-p2m,FINISHED,LVCWYCDNVDDNWGCWRWQFCSNSDNYCATTYVGAGIGGYSSQSISKGCVPICPQAGINVGLAAVSVKCCSSSLCNISAASSVKMNHWVFALGILASFSFFLFGPRL,Pogona vitticeps,103695,87Povi_5_P,Ly-6,['A0A6J0V3I5']
ncbiblast-R20230118-040949-0347-82472684-p2m,FINISHED,LVCWACDGAESNWGCWRWQFCSSDDNYCATTYIGGGIGQYSSQSISKGCVPVCPQAGINIGIAAASVKCCSSFLCNISGASSVQANHLVLAAGILASFLYLFGQRL,Anolis carolinensis,28377,89Anca_5_A,Ly-6,['A0A803SPG0']
ncbiblast-R20230118-041016-0984-49299235-p2m,FINISHED,LVCFTSNWGCLASTTCQSSENYCVTTYLGAGIGGQSGLRITKECASECSSHGISYGRLTEYVPCCSSFLCNISGANSVKISYSVLAMAYIRAGL,Chelonia mydas,8469,97Chmy_6_C,Ly-6,[]
