id,pharmacologicalFamily,cysteineFramewrok
P00005,alpha conotoxin,I
P00008,alpha conotoxin,I
P00009,alpha conotoxin,II
P00011,,I
P00012,,I
P00013,,I
P00018,kappa conotoxin,IV
P00019,,I
P00020,,I
P00021,,IV
P00027,alpha conotoxin,XIV
P00036,alpha conotoxin,I
P00037,,I
P00052,,I
P00053,,I
P00076,alpha conotoxin,I
P00077,,
P00078,,I
P00091,alpha conotoxin,II
P00092,alpha conotoxin,I
P00093,alpha conotoxin,I
P00094,kappa conotoxin,IV
P00097,alpha conotoxin,I
P00117,,I
P00118,alpha conotoxin,I
P00119,alpha conotoxin,I
P00120,,I
P00121,,I
P00122,,I
P00123,,I
P00125,,I
P00126,,I
P00127,,I
P00409,alpha conotoxin,I
P00410,alpha conotoxin,I
P00499,,I
P00511,,I
P00512,,I
P00513,,I
P00541,,I
P00542,,I
P00543,alpha conotoxin,I
P00544,,I
P00545,,I
P00546,,I
P00547,,I
P00548,,
P00549,,
P00551,,I
P00552,,I
P00553,,I
P00554,,I
P00555,,
P00556,,I
P00557,alpha conotoxin,I
P00558,,I
P00559,,I
P00560,,I
P00561,,I
P00562,alpha conotoxin,I
P00563,,IV
P00564,,IV
P00565,,IV
P00566,,I
P00567,,I
P00568,,I
P00569,,I
P00570,alpha conotoxin,I
P00571,,I
P00573,,I
P00574,,I
P00593,alpha conotoxin,I
P00596,,VI/VII
P00597,mu conotoxin,VI/VII
P00598,delta conotoxin,VI/VII
P00599,,VI/VII
P00600,,VI/VII
P00601,,VI/VII
P00602,,VI/VII
P00603,,VI/VII
P00604,,VI/VII
P00605,,VI/VII
P00606,,VI/VII
P00607,,VI/VII
P00608,,IX
P00609,,IX
P00610,,III
P00611,,III
P00612,,III
P00613,,III
P00614,,III
P00615,,III
P00616,,III
P00617,,III
P00618,mu conotoxin,IV
P00619,,III
P00620,,III
P00621,,III
P00622,,III
P00623,,III
P00624,,III
P00625,,III
P00626,,III
P00627,,III
P00628,,III
P00629,,III
P00630,,III
P00631,,III
P00632,,III
P00633,,III
P00634,,III
P00635,,III
P00636,,III
P00637,,III
P00638,,III
P00639,,III
P00640,,III
P00641,,V
P00642,,V
P00643,,V
P00644,,V
P00645,epsilon conotoxin,V
P00646,,V
P00647,,V
P00648,,V
P00649,epsilon conotoxin,V
P00650,,V
P00651,,V
P00652,,V
P00653,,V
P00654,,V
P00655,,V
P00656,,V
P00657,,V
P00658,,V
P00659,,V
P00660,,V
P00661,,V
P00662,,V
P00663,,V
P00664,,V
P00665,,V
P00667,,X
P00668,,
P00670,,V
P00672,,V
P00673,,V
P00674,,V
P00675,,V
P00676,,V
P00677,,V
P00678,,V
P00679,,XVI
P00680,,V
P00681,,V
P00682,,V
P00691,,VI/VII
P00692,,VI/VII
P00693,,VI/VII
P00694,,VI/VII
P00695,,VI/VII
P00696,,VI/VII
P00697,,VI/VII
P00698,,VI/VII
P00699,,VI/VII
P00700,,VI/VII
P00701,,VI/VII
P00702,,VI/VII
P00703,,VI/VII
P00704,,VI/VII
P00705,,VI/VII
P00706,gamma conotoxin,VI/VII
P00707,gamma conotoxin,VI/VII
P00708,,VI/VII
P00710,,VI/VII
P00711,,VI/VII
P00712,,VI/VII
P00713,,VI/VII
P00715,,VI/VII
P00716,gamma conotoxin,VI/VII
P00717,,VI/VII
P00718,,VI/VII
P00719,,VI/VII
P00720,,VI/VII
P00721,,VI/VII
P00722,,VI/VII
P00723,,VI/VII
P00724,,VI/VII
P00725,,VI/VII
P00726,,VI/VII
P00727,,VI/VII
P00728,,VI/VII
P00729,,VI/VII
P00730,,VI/VII
P00731,,VI/VII
P00732,,VI/VII
P00733,,VI/VII
P00734,,VI/VII
P00735,,VI/VII
P00736,,VI/VII
P00737,,VI/VII
P00738,,VI/VII
P00739,,VI/VII
P00740,,VI/VII
P00741,,VI/VII
P00742,,VI/VII
P00743,,VI/VII
P00744,,VI/VII
P00745,,VI/VII
P00746,,VI/VII
P00747,,VI/VII
P00748,,VI/VII
P00749,,VI/VII
P00750,,VI/VII
P00751,,VI/VII
P00752,,VI/VII
P00753,,VI/VII
P00754,,VI/VII
P00755,,VI/VII
P00756,,VI/VII
P00757,,VI/VII
P00758,,VI/VII
P00759,,VI/VII
P00760,,VI/VII
P00761,,VI/VII
P00762,,VI/VII
P00763,,VI/VII
P00764,,VI/VII
P00765,,VI/VII
P00766,,VI/VII
P00767,,VI/VII
P00770,,IV
P00771,mu conotoxin,IV
P00780,,V
P00785,,VI/VII
P00788,,V
P00789,,III
P00790,,IV
P00791,,III
P00793,,XII
P00794,,XII
P00815,,XII
P00817,,XII
P00820,omega conotoxin,VI/VII
P00821,,VI/VII
P00822,omega conotoxin,VI/VII
P00823,,IV
P00824,,VI/VII
P00825,mu conotoxin,III
P00826,,VI/VII
P00827,,VI/VII
P00845,,XI
P00846,kappa conotoxin,VI/VII
P00847,,VI/VII
P00848,,VI/VII
P00849,,VI/VII
P00850,,VI/VII
P00852,,VI/VII
P00853,,VI/VII
P00854,,V
P00855,,V
P00856,,V
P00857,,V
P00858,,V
P00859,,V
P00860,,V
P00861,,V
P00862,omega conotoxin,VI/VII
P00863,omega conotoxin,VI/VII
P00864,omega conotoxin,VI/VII
P00865,omega conotoxin,VI/VII
P00866,omega conotoxin,VI/VII
P00867,delta conotoxin,VI/VII
P00868,omega conotoxin,VI/VII
P00869,omega conotoxin,VI/VII
P00870,omega conotoxin,VI/VII
P00871,omega conotoxin,VI/VII
P00872,omega conotoxin,VI/VII
P00873,omega conotoxin,VI/VII
P00874,omega conotoxin,VI/VII
P00875,omega conotoxin,VI/VII
P00876,omega conotoxin,VI/VII
P00877,,V
P00878,omega conotoxin,VI/VII
P00879,,VI/VII
P00880,,VI/VII
P00881,,VI/VII
P00882,,VI/VII
P00883,,VI/VII
P00886,,VI/VII
P00888,,VI/VII
P00889,,VI/VII
P00911,,VI/VII
P00912,,VI/VII
P00929,,VI/VII
P00932,,VI/VII
P00933,,VI/VII
P00936,,VI/VII
P00939,,VI/VII
P00946,,VI/VII
P00948,,VI/VII
P00953,,VI/VII
P00954,,VI/VII
P00956,,VI/VII
P00958,,VI/VII
P00959,,VI/VII
P00960,,VI/VII
P00961,,VI/VII
P00962,,VI/VII
P00963,,VI/VII
P00964,,VI/VII
P00968,,VI/VII
P00971,,VI/VII
P00972,,VI/VII
P00973,,VI/VII
P00979,,VI/VII
P00980,,VI/VII
P00981,,VI/VII
P00982,,VI/VII
P00983,,VI/VII
P00984,,VI/VII
P01009,,VI/VII
P01010,,VI/VII
P01012,,VI/VII
P01013,,VI/VII
P01015,,VI/VII
P01016,,VI/VII
P01024,,VI/VII
P01025,,VI/VII
P01026,,VI/VII
P01028,,VI/VII
P01030,,VI/VII
P01037,,VI/VII
P01039,,VI/VII
P01045,,
P01046,,VI/VII
P01047,,VI/VII
P01049,,VI/VII
P01050,,VI/VII
P01056,,XII
P01057,,XI
P01058,,III
P01059,,VI/VII
P01060,,VI/VII
P01061,omega conotoxin,VI/VII
P01062,,VI/VII
P01064,omega conotoxin,VI/VII
P01065,,VI/VII
P01066,,VI/VII
P01067,,VI/VII
P01068,,VI/VII
P01069,,VI/VII
P01070,,VI/VII
P01072,,VI/VII
P01073,,VI/VII
P01074,,VI/VII
P01075,,VI/VII
P01076,,VI/VII
P01077,,VI/VII
P01079,,VI/VII
P01080,,III
P01081,,III
P01082,,III
P01083,,III
P01084,,XI
P01085,,XI
P01086,,XI
P01087,,VI/VII
P01088,omega conotoxin,VI/VII
P01089,,VI/VII
P01090,,VI/VII
P01091,omega conotoxin,VI/VII
P01092,,VI/VII
P01093,,VI/VII
P01094,delta conotoxin,VI/VII
P01095,omega conotoxin,VI/VII
P01096,omega conotoxin,VI/VII
P01097,omega conotoxin,VI/VII
P01098,,VI/VII
P01099,,VI/VII
P01100,,VI/VII
P01101,,VI/VII
P01102,omega conotoxin,VI/VII
P01103,omega conotoxin,VI/VII
P01104,,VI/VII
P01105,,VI/VII
P01106,kappa conotoxin,XI
P01108,,XVIII
P01110,,VI/VII
P01111,,VI/VII
P01112,,VI/VII
P01114,,VI/VII
P01115,,VI/VII
P01116,,VI/VII
P01117,,VI/VII
P01118,omega conotoxin,VI/VII
P01119,,VI/VII
P01121,,VI/VII
P01122,,VI/VII
P01123,,VI/VII
P01124,,VI/VII
P01125,,VI/VII
P01126,,VI/VII
P01127,,VI/VII
P01128,,VI/VII
P01129,,VI/VII
P01130,,VI/VII
P01131,,VI/VII
P01132,,VI/VII
P01133,,VI/VII
P01134,,VI/VII
P01135,,VI/VII
P01138,,V
P01139,,V
P01140,mu conotoxin,V
P01141,,V
P01142,,V
P01143,,V
P01144,,V
P01145,,V
P01146,,V
P01147,,V
P01148,,V
P01149,,V
P01150,,V
P01151,,I
P01152,,I
P01153,,
P01154,,VI/VII
P01155,,VI/VII
P01156,mu conotoxin,VI/VII
P01157,,VI/VII
P01158,,VI/VII
P01159,,VI/VII
P01160,,
P01161,,
P01162,,XV
P01163,iota conotoxin,III
P01164,,III
P01165,,III
P01166,,III
P01167,,III
P01168,,
P01169,,
P01170,,XVI
P01171,,
P01172,,IX
P01173,,IX
P01174,,IX
P01175,,
P01176,,
P01177,,
P01178,,VI/VII
P01180,,I
P01181,,I
P01182,,VI/VII
P01183,kappa conotoxin,XIV
P01184,,XIV
P01185,,XIV
P01186,,XIV
P01187,,XIV
P01188,,VI/VII
P01190,,VI/VII
P01191,,VI/VII
P01192,,VI/VII
P01194,,VI/VII
P01195,omega conotoxin,VI/VII
P01197,omega conotoxin,VI/VII
P01200,omega conotoxin,VI/VII
P01201,,VI/VII
P01204,,VI/VII
P01206,,VI/VII
P01207,,VI/VII
P01209,,VI/VII
P01210,,VI/VII
P01211,,VI/VII
P01212,,VI/VII
P01214,,VI/VII
P01215,,VI/VII
P01216,omega conotoxin,VI/VII
P01217,omega conotoxin,VI/VII
P01219,omega conotoxin,VI/VII
P01220,,VI/VII
P01221,omega conotoxin,VI/VII
P01222,omega conotoxin,VI/VII
P01223,,VI/VII
P01225,,VI/VII
P01227,omega conotoxin,VI/VII
P01228,omega conotoxin,VI/VII
P01232,,VI/VII
P01235,,
P01236,omega conotoxin,VI/VII
P01239,omega conotoxin,VI/VII
P01241,,VI/VII
P01242,,VI/VII
P01243,,VI/VII
P01246,,VI/VII
P01249,,VI/VII
P01250,,VI/VII
P01251,,VI/VII
P01252,,VI/VII
P01253,,VI/VII
P01254,,VI/VII
P01256,,VI/VII
P01257,,VI/VII
P01258,,VI/VII
P01260,,VI/VII
P01261,,VI/VII
P01263,,
P01310,,
P01311,,
P01312,,
P01314,,
P01315,,
P01316,,
P01323,,
P01331,kappa conotoxin,VI/VII
P01353,,
P01357,,
P01373,,
P01374,,
P01375,,
P01391,,XI
P01392,,XI
P01393,,XI
P01394,,XI
P01395,,XI
P01396,,III
P01398,,VI/VII
P01399,,VI/VII
P01400,,VI/VII
P01401,,III
P01406,alpha conotoxin,III
P01407,mu conotoxin,III
P01409,,XI
P01410,,XI
P01425,,VI/VII
P01426,,VI/VII
P01427,,VI/VII
P01452,,XI
P01453,,XI
P01454,,XI
P01455,,XI
P01456,,XI
P01457,,XI
P01460,,XIV
P01464,mu conotoxin,III
P01466,,III
P01467,,III
P01468,,III
P01469,,III
P01470,,III
P01471,,III
P01472,,III
P01495,,VI/VII
P01500,,XIII
P01509,,IX
P01521,kappa conotoxin,III
P01522,,V
P01548,,V
P01549,,V
P01557,,V
P01563,delta conotoxin,VI/VII
P01564,omega conotoxin,VI/VII
P01569,omega conotoxin,VI/VII
P01597,omega conotoxin,VI/VII
P01629,mu conotoxin,III
P01673,,V
P01674,,V
P01675,,V
P01676,,V
P01677,,V
P01678,,V
P01679,,V
P01680,,V
P01681,,V
P01682,,V
P01683,,V
P01694,mu conotoxin,III
P01714,,V
P01717,,V
P01724,sigma conotoxin,VIII
P01730,,V
P01731,,V
P01732,,V
P01733,,V
P01734,,V
P01739,chi conotoxin,X
P02007,,VI/VII
P02155,,I
P02492,,I
P02523,,IV
P02528,,IV
P02721,,VI/VII
P02722,,VI/VII
P02723,,VI/VII
P02742,,VI/VII
P02757,,VI/VII
P02758,,XV
P02759,,XV
P02760,,VI/VII
P02761,,VI/VII
P02762,,VI/VII
P02763,,VI/VII
P02764,,VI/VII
P02765,,VI/VII
P02766,,VI/VII
P02767,,VI/VII
P02768,,VI/VII
P02769,,VI/VII
P02770,,VI/VII
P02771,,VI/VII
P02772,,VI/VII
P02773,,VI/VII
P02774,,VI/VII
P02775,,VI/VII
P02776,,VI/VII
P02777,,VI/VII
P02778,,VI/VII
P02779,,VI/VII
P02780,,VI/VII
P02781,,VI/VII
P02782,,VI/VII
P02783,,
P02786,,XV
P02787,,XV
P02789,,V
P02791,,V
P02793,,V
P02795,,V
P02797,,V
P02799,,V
P02801,,XI
P02805,,XI
P02811,,V
P02813,,V
P02815,,V
P02817,,V
P02819,,V
P02821,,VIII
P02822,,VIII
P02823,,VIII
P02824,,VIII
P02827,,VIII
P02829,,XIV
P02831,alpha conotoxin,III
P02833,,V
P02834,,V
P02838,alpha conotoxin,I
P02839,,XVII
P02842,,XIX
P02861,,I
P02862,,I
P02863,,I
P02865,,I
P02867,,I
P02872,omega conotoxin,VI/VII
P02878,alpha conotoxin,I
P02879,alpha conotoxin,I
P02880,,I
P02882,alpha conotoxin,I
P02884,,I
P02886,,I
P02888,,I
P02890,,I
P02892,,I
P02894,,I
P02896,,I
P02898,,I
P02900,,I
P02901,,
P02902,,I
P02904,,I
P02906,,I
P02908,,I
P02910,,I
P02912,,I
P02914,,I
P02916,,I
P02918,,I
P02920,,I
P02922,,I
P02924,,I
P02925,alpha conotoxin,I
P02927,,I
P02929,,I
P02931,,I
P02933,,I
P02935,,I
P02937,,I
P02939,,I
P02941,,
P02943,,I
P02945,,I
P02947,,I
P02949,,I
P02951,,I
P02953,,V
P02955,,V
P02957,,V
P02959,epsilon conotoxin,V
P02961,,V
P02963,,V
P02964,,V
P02966,,V
P02968,,V
P02969,delta conotoxin,VI/VII
P02975,alpha conotoxin,I
P02977,,I
P02979,,I
P02981,,I
P02983,,I
P02985,,I
P02987,,I
P02989,,I
P02991,,I
P02993,,I
P02995,,I
P02997,,I
P02999,,I
P03000,alpha conotoxin,I
P03002,,I
P03004,,I
P03006,,I
P03008,,I
P03010,,I
P03011,alpha conotoxin,I
P03013,,V
P03015,,V
P03016,delta conotoxin,VI/VII
P03018,,VI/VII
P03020,,VI/VII
P03022,,VI/VII
P03024,,VI/VII
P03025,delta conotoxin,VI/VII
P03026,delta conotoxin,VI/VII
P03028,,VI/VII
P03030,,VI/VII
P03032,,VI/VII
P03034,,VI/VII
P03036,,VI/VII
P03038,,VI/VII
P03039,omega conotoxin,VI/VII
P03041,,VI/VII
P03043,,VI/VII
P03045,,VI/VII
P03047,,VI/VII
P03049,,VI/VII
P03051,,VI/VII
P03053,,VI/VII
P03055,,VI/VII
P03057,,VI/VII
P03059,,VI/VII
P03061,,VI/VII
P03063,,VI/VII
P03065,,VI/VII
P03067,,VI/VII
P03068,,VI/VII
P03070,,VI/VII
P03071,,VI/VII
P03073,,VI/VII
P03075,,VI/VII
P03076,delta conotoxin,VI/VII
P03077,delta conotoxin,VI/VII
P03078,delta conotoxin,VI/VII
P03079,delta conotoxin,VI/VII
P03081,,VI/VII
P03082,delta conotoxin,VI/VII
P03084,,VI/VII
P03085,,VI/VII
P03086,delta conotoxin,VI/VII
P03088,,VI/VII
P03090,,VI/VII
P03092,,VI/VII
P03094,,VI/VII
P03096,,VI/VII
P03098,,VI/VII
P03100,,VI/VII
P03102,,VI/VII
P03104,,VI/VII
P03106,,VI/VII
P03108,,VI/VII
P03110,,VI/VII
P03112,,VI/VII
P03114,,VI/VII
P03116,,VI/VII
P03118,,VI/VII
P03120,,VI/VII
P03122,,VI/VII
P03124,,VI/VII
P03126,,VI/VII
P03127,,VI/VII
P03129,,VI/VII
P03131,,VI/VII
P03133,,VI/VII
P03135,,VI/VII
P03137,,VI/VII
P03138,delta conotoxin,VI/VII
P03139,delta conotoxin,VI/VII
P03141,,VI/VII
P03142,delta conotoxin,VI/VII
P03144,,VI/VII
P03146,,VI/VII
P03148,,VI/VII
P03400,,VI/VII
P03531,,
P03533,,
P03539,,VI/VII
P03541,,VI/VII
P03543,,VI/VII
P03545,,VI/VII
P03548,,
P03586,,XX
P03588,,XX
P03590,,XX
P03592,,XX
P03594,,XX
P03596,,XX
P03598,,XX
P03600,,XX
P03602,,XX
P03604,,XX
P03606,,XX
P03608,,XX
P03610,,XX
P03612,,XX
P03614,,XX
P03616,,XX
P03618,,XX
P03630,alpha conotoxin,XX
P03631,alpha conotoxin,XX
P03637,,
P03639,,VI/VII
P03686,,
P03695,,V
P03696,,V
P03697,,V
P03698,,V
P03699,,V
P03700,,V
P03702,,VI/VII
P03703,,VI/VII
P03705,,VI/VII
P03707,,VI/VII
P03709,,VI/VII
P03711,,I
P03714,,III
P03715,,III
P03716,,III
P03717,,VI/VII
P03719,,VI/VII
P03721,,VI/VII
P03723,,VI/VII
P03724,,I
P03728,,XX
P03731,,VI/VII
P03735,,VI/VII
P03740,,VI/VII
P03743,,VI/VII
P03744,,VI/VII
P03747,,VI/VII
P03751,alpha conotoxin,I
P03759,,XIV
P03760,,XIV
P03761,,XIV
P03767,,VI/VII
P03768,,VI/VII
P03769,,VI/VII
P03770,,VI/VII
P03771,,VI/VII
P03772,,VI/VII
P03773,,VI/VII
P03774,,VI/VII
P03781,,V
P03782,,V
P03793,,XI
P03795,,XI
P03797,,XI
P03799,,XI
P03801,,XI
P03803,,VI/VII
P03805,,VI/VII
P03807,,XI
P03808,,XI
P03809,,XI
P03810,,XI
P03811,,XI
P03812,,XI
P03813,,XI
P03814,,XI
P03815,,XI
P03816,,XI
P03817,,
P03818,,XI
P03819,,XI
P03836,,VI/VII
P03841,,VI/VII
P03842,,VI/VII
P03843,,VI/VII
P03844,,VI/VII
P03845,,VI/VII
P03853,,XII
P03854,,
P03855,,
P03856,,
P03857,,
P03858,,XII
P03859,,XII
P03860,,XII
P03861,,XII
P03862,,XII
P03863,,XII
P03864,,XV
P03865,,XV
P03866,,XV
P03867,,XV
P03868,,XV
P03869,,XV
P03870,,XV
P03871,,XII
P03890,,
P03895,,XI
P03896,,XI
P03898,,XI
P03900,alpha conotoxin,II
P03910,,I
P03911,,I
P03912,,I
P03913,,I
P03914,,IV
P03915,,IV
P03916,,I
P03917,,IV
P03919,,I
P03920,,IV
P03921,,IV
P03922,,IV
P03923,,IV
P03924,,IV
P03925,,IV
P03926,,I
P03927,,I
P03928,,I
P03929,,I
P03930,,I
P03931,,IV
P03932,,IV
P03933,,I
P03934,,I
P03935,,I
P03936,,I
P03937,,IV
P03938,,IV
P03939,,IV
P03940,,IV
P03941,,I
P03942,,I
P03943,,IV
P03944,,IV
P03945,,I
P03946,,I
P03947,,I
P03948,,I
P03949,,IV
P03950,,IV
P03951,,IV
P03952,,IV
P03953,,I
P03954,alpha conotoxin,II
P03955,,I
P03956,,I
P03957,,II
P03958,,I
P03959,,I
P03960,kappa conotoxin,IV
P03961,,IV
P03962,,IX
P03963,,
P03964,,
P03965,,
P03966,,VI/VII
P03967,,VI/VII
P03968,,VI/VII
P03969,,VI/VII
P03970,,VI/VII
P03971,,VI/VII
P03972,,VI/VII
P03973,,VI/VII
P03974,,VI/VII
P03975,,VI/VII
P03976,,VI/VII
P03977,,XIV
P03978,,XIV
P03979,,XIV
P03980,,XIV
P03981,,V
P03982,,V
P03983,,I
P03984,,V
P03986,,I
P03987,,XVI
P03988,,XVI
P03989,,IX
P03991,,IX
P03992,,IX
P03993,,IX
P03994,,IX
P03995,,IX
P03999,omega conotoxin,VI/VII
P04000,alpha conotoxin,VIII
P04001,,XXII
P04002,,XXII
P04003,,I
P04005,,I
P04006,,XXII
P04007,,XI
P04008,,XI
P04009,,XII
P04010,,XII
P04011,,XII
P04012,,XIV
P04013,,XIV
P04014,,XIV
P04015,,XIV
P04016,,XIV
P04017,,XIV
P04018,,XIV
P04019,,XIV
P04020,,XIV
P04021,,XIV
P04022,,XIV
P04023,,XIV
P04024,,XIV
P04025,,XIV
P04026,,V
P04027,,VI/VII
P04028,,VI/VII
P04029,,VI/VII
P04030,,VI/VII
P04031,,VI/VII
P04033,,VI/VII
P04034,,VI/VII
P04035,,VI/VII
P04036,,VI/VII
P04037,,VI/VII
P04038,,VI/VII
P04039,,VI/VII
P04040,,VI/VII
P04041,,VI/VII
P04042,,VI/VII
P04043,,VI/VII
P04044,,IX
P04045,,IX
P04046,,IX
P04047,,IX
P04048,,IX
P04049,,IX
P04050,,XXII
P04051,,XXII
P04052,,XXII
P04053,,XXII
P04054,,XXII
P04055,,VIII
P04056,,VIII
P04057,,VI/VII
P04058,,I
P04059,,I
P04060,,
P04062,,I
P04063,,I
P04064,,I
P04065,,I
P04066,,I
P04090,,
P04199,,I
P04201,,I
P04202,,
P04203,,XIV
P04204,,III
P04206,,III
P04208,,III
P04216,,
P04217,,
P04219,,
P04221,alpha conotoxin,I
P04222,alpha conotoxin,IV
P04224,,
P04225,iota conotoxin,XI
P04226,,III
P04227,,VI/VII
P04242,,VI/VII
P04268,,VI/VII
P04269,,VI/VII
P04270,,VI/VII
P04271,,VI/VII
P04272,,VI/VII
P04273,,VI/VII
P04274,,VI/VII
P04275,,VI/VII
P04276,,VI/VII
P04277,,VI/VII
P04278,,VI/VII
P04493,,VI/VII
P04495,,
P04497,,
P04499,,
P04500,,
P04504,,XIV
P04506,,I
P04508,,VI/VII
P04510,,XI
P04512,,XI
P04513,,XI
P04516,,
P04518,,VI/VII
P04520,,XI
P04522,,XI
P04524,,VI/VII
P04525,,IX
P04526,,XI
P04527,,III
P04528,mu conotoxin,VI/VII
P04529,,VI/VII
P04530,,VI/VII
P04531,,VI/VII
P04532,,I
P04533,,VI/VII
P04534,,XIV
P04535,,XIV
P04536,,XIV
P04537,,XIV
P04538,,XIV
P04539,,XIV
P04540,,XXVIII
P04541,,XXVIII
P04542,,XXVIII
P04543,,XXVIII
P04544,,XXVIII
P04545,,XXVIII
P04546,,XXVIII
P04547,,I
P04548,,I
P04549,,III
P04550,,III
P04551,,III
P04552,,III
P04553,,III
P04554,,III
P04555,,III
P04556,,III
P04557,,III
P04558,,III
P04559,,I
P04560,,III
P04561,,III
P04562,,III
P04563,,I
P04564,,I
P04565,,III
P04566,,III
P04567,,I
P04568,,
P04569,,IX
P04570,,XX
P04571,,I
P04572,,VI/VII
P04573,,XII
P04574,,I
P04576,,I
P04577,,I
P04579,,I
P04581,,IV
P04583,,IV
P04585,,IV
P04587,,IV
P04589,,IV
P04591,,XIV
P04593,,I
P04594,,III
P04596,,III
P04598,,VI/VII
P04600,,VI/VII
P04602,,VI/VII
P04604,,VI/VII
P04606,,VI/VII
P04608,,VI/VII
P04610,,VI/VII
P04612,,VI/VII
P04614,,VI/VII
P04615,,VI/VII
P04617,,VI/VII
P04619,,VI/VII
P04621,,VI/VII
P04623,,
P04625,,XII
P04626,,XII
P04627,,XII
P04628,,XII
P04681,,III
P04682,,III
P04683,,III
P04684,,III
P04685,,III
P04686,,III
P04687,,III
P04688,,III
P04689,,III
P04690,,III
P04691,,III
P04692,,I
P04693,,I
P04694,,I
P04695,,I
P04696,,I
P04697,,III
P04698,,III
P04699,,III
P04700,,III
P04701,,III
P04702,,III
P04703,,III
P04704,,III
P04705,,III
P04706,,III
P04707,,III
P04708,,III
P04709,,III
P04710,,III
P04711,,III
P04712,,III
P04713,,III
P04714,,III
P04715,,I
P04716,,III
P04717,,III
P04718,,III
P04719,,III
P04720,,III
P04721,,III
P04722,,III
P04723,,III
P04724,,III
P04725,,III
P04726,,III
P04727,,III
P04728,,III
P04729,,III
P04730,,I
P04731,,I
P04732,,III
P04733,,III
P04734,,III
P04735,,III
P04736,,III
P04737,,III
P04738,,III
P04739,,III
P04740,,III
P04741,,III
P04742,,III
P04743,,III
P04744,,III
P04745,,III
P04746,,III
P04747,,III
P04748,,III
P04749,,III
P04750,,III
P04751,,III
P04752,,III
P04753,,III
P04754,,III
P04755,,III
P04756,,III
P04757,,III
P04758,,III
P04759,,III
P04760,,III
P04761,,III
P04762,,III
P04763,,III
P04764,,III
P04765,,III
P04766,,III
P04767,,III
P04768,,III
P04769,,III
P04770,,III
P04771,,III
P04772,,III
P04773,,III
P04774,,III
P04775,,XIV
P04776,,XIV
P04777,,XIV
P04778,,III
P04779,,III
P04780,,III
P04781,,III
P04782,,III
P04783,,III
P04784,,III
P04785,,III
P04786,,III
P04787,,III
P04788,,III
P04789,,III
P04790,,III
P04791,,III
P04792,,
P04793,,
P04794,,
P04795,,III
P04796,,III
P04797,,III
P04799,,III
P04800,,
P04801,,III
P04802,,III
P04803,,III
P04804,,III
P04805,,III
P04806,,III
P04807,,III
P04808,,III
P04809,,III
P04810,,III
P04811,,
P04812,,
P04813,,
P04814,,
P04815,,III
P04816,,IV
P04817,,III
P04818,,III
P04819,,III
P04820,,III
P04821,,
P04822,,III
P04823,,II
P04824,,III
P04825,,III
P04826,,III
P04827,,III
P04828,,III
P04829,,III
P04830,,III
P04831,,III
P04832,,III
P04833,,III
P04834,,III
P04835,,III
P04836,,III
P04837,,I
P04838,,III
P04839,,III
P04840,,III
P04841,,III
P04842,,III
P04843,,III
P04844,,III
P04845,,III
P04846,,III
P04847,,III
P04848,,III
P04849,,III
P04850,,III
P04851,,III
P04852,,III
P04853,,III
P04854,,III
P04855,,III
P04856,,III
P04857,,III
P04858,,III
P04859,,III
P04860,,III
P04861,,II
P04862,,III
P04863,,
P04864,,III
P04865,,III
P04866,,III
P04867,,III
P04868,,III
P04869,,III
P04870,,III
P04871,,III
P04872,,III
P04873,,III
P04874,,III
P04875,,III
P04876,,III
P04877,,III
P04878,,III
P04879,,III
P04880,,III
P04881,,III
P04882,,III
P04883,,III
P04884,,III
P04885,,III
P04886,,III
P04887,,III
P04888,,III
P04889,,III
P04890,,III
P04891,,III
P04892,,III
P04893,,III
P04894,,III
P04895,,III
P04896,,III
P04897,,III
P04898,,III
P04899,,III
P04900,,III
P04901,,III
P04902,,III
P04903,,III
P04904,,
P04905,mu conotoxin,III
P04906,,III
P04907,,III
P04908,,III
P04909,,
P04910,,III
P04911,,III
P04912,,III
P04913,,III
P04914,,III
P05111,,III
P05113,,III
P05115,,
P05117,,V
P05118,,V
P05119,,V
P05120,chi conotoxin,X
P05121,,V
P05122,,V
P05123,,V
P05124,,V
P05125,,I
P05126,,I
P05127,,I
P05128,,I
P05129,,I
P05130,,I
P05131,,I
P05132,,I
P05133,,I
P05134,,I
P05135,,I
P05136,,I
P05137,,I
P05138,,I
P05139,,I
P05140,,I
P05141,,I
P05142,,I
P05143,,I
P05144,,I
P05145,,I
P05146,,I
P05147,,I
P05148,,I
P05149,,I
P05150,,I
P05151,,I
P05152,,I
P05153,,I
P05154,,I
P05155,,I
P05156,,I
P05157,,I
P05158,,I
P05159,,I
P05160,,I
P05161,,I
P05162,,I
P05163,,I
P05164,,I
P05165,,I
P05166,,I
P05167,,I
P05168,,I
P05169,,I
P05170,,I
P05171,,I
P05172,,I
P05173,,I
P05174,,
P05175,,
P05176,,
P05177,,
P05178,,
P05179,,
P05180,,I
P05181,,I
P05182,,I
P05183,,I
P05184,,I
P05185,,I
P05186,,I
P05187,,I
P05188,,I
P05189,,I
P05190,,
P05191,,
P05192,,I
P05193,,I
P05194,,I
P05195,,I
P05196,,I
P05197,,I
P05198,,I
P05199,,I
P05200,,I
P05201,,I
P05202,,I
P05203,,I
P05204,,I
P05205,,I
P05206,,I
P05207,,
P05208,,I
P05209,,I
P05210,,I
P05211,,I
P05212,,I
P05213,,I
P05214,,I
P05216,,XXIII
P05217,,XXIII
P05218,,XXIII
P05220,,XXIII
P05221,,XXIII
P05222,,XXIII
P05224,,XIV
P05225,,I
P05226,,XI
P05227,,III
P05229,,
P05231,,III
P05236,,
P05238,,
P05240,,
P05241,,I
P05242,,I
P05243,,I
P05244,,I
P05245,,I
P05365,,I
P05366,,XI
P05368,,XI
P05370,,XI
P05372,,VI/VII
P05374,,VI/VII
P05375,,VI/VII
P05377,,VI/VII
P05379,,VI/VII
P05381,,VI/VII
P05383,,VI/VII
P05385,,VI/VII
P05387,,
P05388,,
P05390,,
P05392,,VIII
P05394,,XII
P05396,,XII
P05397,,XII
P05399,,XII
P05401,,XII
P05403,,XII
P05404,,XII
P05406,,XII
P05408,,
P05410,,XIV
P05412,,III
P05413,,III
P05414,,III
P05415,,III
P05417,,
P05419,,
P05421,,III
P05423,,III
P05425,,III
P05427,,III
P05429,,III
P05430,,I
P05432,,III
P05434,,III
P05436,,III
P05438,,I
P05439,,
P05441,,VI/VII
P05443,,VI/VII
P05445,,VI/VII
P05447,,
P05449,,VI/VII
P05450,,VI/VII
P05452,,VI/VII
P05454,,XIV
P05456,,
P05458,,
P05460,,
P05462,,VI/VII
P05463,,VI/VII
P05464,,VI/VII
P05469,,V
P05470,,V
P05472,,V
P05473,,V
P05474,,V
P05476,,
P05477,,
P05478,,
P05479,,
P05480,,
P05481,,
P05482,,
P05483,,X
P05485,chi conotoxin,X
P05486,,XV
P05488,,XV
P05490,,XV
P05492,,VIII
P05494,,VI/VII
P05496,,VI/VII
P05498,,
P05500,,
P05502,,VI/VII
P05504,,VI/VII
P05506,,XXII
P05508,,
P05510,,
P05513,,VI/VII
P05523,,XIII
P05525,,XXIV
P05529,alpha conotoxin,I
P05530,,
P05531,,
P05532,,I
P05533,,I
P05534,,
P05536,,
P05538,,
P05542,,I
P05543,,
P05545,,
P05547,,
P05549,,VIII
P05551,,VIII
P05553,,III
P05555,,III
P05556,,III
P05558,,III
P05560,,V
P05562,,V
P05565,,V
P05567,,VI/VII
P05569,,VI/VII
P05571,,VI/VII
P05573,,VI/VII
P05574,,VI/VII
P05576,,VI/VII
P05578,,VI/VII
P05580,,VI/VII
P05582,,VI/VII
P05584,,VI/VII
P05585,,VI/VII
P05587,,VI/VII
P05589,,VI/VII
P05591,,VI/VII
P05592,,VI/VII
P05594,,VI/VII
P05595,,VI/VII
P05597,,VI/VII
P05599,,VI/VII
P05601,,VI/VII
P05603,,VI/VII
P05605,,VI/VII
P05607,,VI/VII
P05610,,VI/VII
P05612,,VI/VII
P05614,,VI/VII
P05616,,VI/VII
P05617,,VI/VII
P05619,,VI/VII
P05621,omega conotoxin,VI/VII
P05622,omega conotoxin,VI/VII
P05623,,VI/VII
P05625,,VI/VII
P05627,,VI/VII
P05629,,VI/VII
P05631,,VI/VII
P05633,,VI/VII
P05635,,VI/VII
P05636,,VI/VII
P05638,,IX
P05640,,IX
P05642,,IX
P05644,,XI
P05646,,XI
P05648,,XI
P05650,,XI
P05652,,XI
P05654,,XI
P05656,,XI
P05658,,XI
P05660,,XI
P05662,,XIV
P05664,,XIV
P05666,,XIV
P05667,,XIV
P05668,,XIV
P05670,,XV
P05672,,XIX
P05674,,
P05676,,
P05678,,
P05679,,
P05681,,
P05683,,
P05685,,
P05687,,
P05689,,XIV
P05691,,
P05693,,IX
P05695,,
P05705,,I
P05707,,I
P05709,,I
P05711,alpha conotoxin,I
P05712,alpha conotoxin,I
P05713,,I
P05714,alpha conotoxin,I
P05715,,I
P05717,,I
P05719,,IV
P05721,,IV
P05723,,IV
P05724,,
P05726,mu conotoxin,III
P05728,,VI/VII
P05732,,VI/VII
P05733,,VI/VII
P05735,,VI/VII
P05737,,VI/VII
P05739,,VI/VII
P05741,,VI/VII
P05743,,VI/VII
P05745,,VI/VII
P05747,,
P05749,omega conotoxin,VI/VII
P05750,,VI/VII
P05752,mu conotoxin,VI/VII
P05753,,VI/VII
P05754,omega conotoxin,VI/VII
P05755,,VI/VII
P05757,,IX
P05759,,VI/VII
P05761,,V
P05763,,V
P05765,,V
P05767,,V
P05769,,V
P05771,,VIII
P05773,,VIII
P05775,,VIII
P05777,,VIII
P05779,,
P05781,,XI
P05783,,XIV
P05785,,XIV
P05787,,XIV
P05789,,XIV
P05791,,XV
P05793,,
P05795,,
P05797,,XXI
P05799,,XXI
P05801,,
P05803,,XXI
P05805,,IX
P05807,,XIV
P05809,,
P05843,,
P05849,,
P05850,,
P05875,,VI/VII
P05876,,VI/VII
P05877,,VI/VII
P05878,,VI/VII
P05879,,VI/VII
P05880,,VI/VII
P05881,,VI/VII
P05882,,VI/VII
P05883,,VI/VII
P05884,,VI/VII
P05885,,VI/VII
P05886,,I
P05887,,XIV
P05888,,XIV
P05889,,XIV
P05890,,XIV
P05891,,XIV
P05892,,XIV
P05893,,XIV
P05894,,XIV
P05895,,XIV
P05897,,XIV
P05898,,I
P05899,,I
P05900,,VI/VII
P05901,,VI/VII
P05902,,VI/VII
P05903,,VI/VII
P05904,,VI/VII
P05905,,
P05906,,
P05907,,
P05908,,
P05909,,
P05910,,IX
P05911,,IX
P05912,,
P05913,,
P05914,,
P05916,,
P05917,,VI/VII
P05918,,VI/VII
P05919,,XI
P05920,,VI/VII
P05921,,VI/VII
P05922,,VI/VII
P05923,,VIII
P05924,,VI/VII
P05925,,VI/VII
P05926,,VI/VII
P05927,,VI/VII
P05928,,VI/VII
P05929,,VI/VII
P05930,,VI/VII
P05931,,VI/VII
P05932,,VI/VII
P05933,,VI/VII
P05934,,VI/VII
P05935,,VI/VII
P05936,,XVI
P05937,,XV
P05938,,VI/VII
P05939,,VI/VII
P05940,,VI/VII
P06001,,
P06004,,VI/VII
P06005,,VI/VII
P06006,,I
P06007,,I
P06008,,I
P06009,,I
P06010,,I
P06011,,I
P06012,,I
P06013,,VI/VII
P06014,,VI/VII
P06015,,VI/VII
P06019,,VI/VII
P06020,,III
P06021,,III
P06022,,III
P06023,,XIV
P06024,,III
P06025,,III
P06026,,I
P06027,,I
P06028,,I
P06029,,I
P06030,,I
P06031,,I
P06032,,I
P06033,,I
P06034,,I
P06035,,I
P06036,,I
P06037,,I
P06038,,I
P06039,,I
P06040,,I
P06041,,I
P06042,,I
P06043,,I
P06044,,I
P06045,,I
P06046,,I
P06047,,I
P06048,,I
P06049,,I
P06050,,I
P06051,,I
P06052,,I
P06053,,I
P06054,,I
P06055,,I
P06056,,I
P06057,,I
P06058,,I
P06059,,I
P06060,,I
P06061,,IV
P06062,,I
P06063,,I
P06064,,I
P06065,,I
P06066,,XI
P06067,,XI
P06068,,XI
P06069,,VI/VII
P06070,,VI/VII
P06071,,VI/VII
P06072,,VI/VII
P06073,,VI/VII
P06074,,XV
P06075,,XV
P06076,,XV
P06077,,XV
P06078,,XV
P06079,,XV
P06080,,XV
P06081,,XV
P06082,,XV
P06083,,VI/VII
P06084,,VI/VII
P06085,,VI/VII
P06086,,I
P06087,,VI/VII
P06088,,VI/VII
P06089,,VI/VII
P06090,,VI/VII
P06091,,VIII
P06092,,VIII
P06093,,V
P06094,,V
P06095,,V
P06096,,V
P06097,,V
P06098,,V
P06099,,V
P06100,,V
P06101,,V
P06102,,V
P06103,,V
P06104,,V
P06105,,V
P06106,,V
P06107,,V
P06108,,V
P06109,,V
P06110,,V
P06111,,V
P06112,,V
P06113,,V
P06114,,V
P06115,,V
P06116,,V
P06117,,V
P06118,,V
P06119,,V
P06120,,V
P06121,,V
P06122,,V
P06123,,V
P06124,,V
P06125,,V
P06126,,V
P06127,,V
P06128,,V
P06129,,V
P06130,,V
P06131,,V
P06132,,V
P06133,,V
P06134,,V
P06135,,V
P06136,,V
P06137,,V
P06138,,V
P06139,,III
P06140,,VIII
P06142,,I
P06143,,I
P06144,,I
P06145,,I
P06146,,I
P06147,,I
P06148,,I
P06149,,I
P06150,,I
P06151,,VI/VII
P06152,,VI/VII
P06153,,I
P06154,,IV
P06155,mu conotoxin,III
P06156,omega conotoxin,VI/VII
P06157,,VI/VII
P06158,,VI/VII
P06159,,VI/VII
P06160,,VI/VII
P06161,,
P06162,,
P06163,,
P06164,,
P06165,,
P06166,,
P06167,mu conotoxin,VI/VII
P06168,,III
P06169,,III
P06170,,III
P06171,,III
P06172,,III
P06173,,III
P06175,,III
P06176,,
P06177,,III
P06178,,III
P06179,,III
P06180,,VI/VII
P06181,,VI/VII
P06182,,VI/VII
P06183,,VI/VII
P06184,,VI/VII
P06185,,VI/VII
P06186,mu conotoxin,VI/VII
P06187,,VI/VII
P06188,,VI/VII
P06189,,VI/VII
P06190,,
P06191,,VI/VII
P06192,,
P06193,,V
P06194,,III
P06195,,III
P06196,,III
P06197,,III
P06198,,III
P06199,,III
P06200,,III
P06201,,I
P06202,,III
P06203,,III
P06204,,III
P06205,,I
P06206,,III
P06207,,III
P06208,,III
P06209,,III
P06210,,III
P06211,,III
P06212,,III
P06213,,III
P06214,,III
P06215,,III
P06216,,III
P06217,,III
P06218,,III
P06219,,III
P06220,,III
P06221,,III
P06222,,III
P06223,,III
P06224,,III
P06225,,III
P06226,,III
P06227,,VI/VII
P06228,,VI/VII
P06229,,VI/VII
P06230,,VI/VII
P06231,,VI/VII
P06232,,VI/VII
P06233,,VI/VII
P06234,,VI/VII
P06235,,VI/VII
P06236,,VI/VII
P06237,,VI/VII
P06238,,VI/VII
P06239,,VI/VII
P06240,,VI/VII
P06241,,VI/VII
P06242,,VI/VII
P06243,,VI/VII
P06244,,VI/VII
P06245,,VI/VII
P06246,,VI/VII
P06247,,VI/VII
P06248,,VI/VII
P06249,,VI/VII
P06250,,VI/VII
P06251,,VI/VII
P06252,,VI/VII
P06253,,VI/VII
P06254,,VI/VII
P06255,,VI/VII
P06256,,VI/VII
P06257,,VI/VII
P06258,,VI/VII
P06259,,
P06260,,VI/VII
P06261,,III
P06262,,III
P06263,,VI/VII
P06264,,VI/VII
P06266,,VI/VII
P06267,,VI/VII
P06268,mu conotoxin,VI/VII
P06269,,VI/VII
P06270,,
P06271,,XVI
P06272,,XVI
P06273,,XVI
P06274,,XVI
P06275,,XVI
P06276,,XVI
P06277,,XVI
P06278,,XVI
P06279,,XVI
P06280,,XVI
P06281,,XVI
P06282,,VI/VII
P06283,,VI/VII
P06284,,VI/VII
P06285,,VI/VII
P06286,,VI/VII
P06287,,VI/VII
P06288,,VI/VII
P06289,,VI/VII
P06290,,VI/VII
P06291,,VI/VII
P06294,,VI/VII
P06295,,VI/VII
P06296,,V
P06297,,I
P06298,,V
P06299,,V
P06300,,V
P06301,,V
P06302,,V
P06303,,V
P06304,,V
P06305,,V
P06306,,V
P06307,,V
P06308,,V
P06309,,V
P06310,,V
P06311,,V
P06312,,V
P06313,,V
P06314,,V
P06315,,V
P06316,,V
P06317,,V
P06318,,VIII
P06319,,
P06320,,XIV
P06321,,IX
P06322,,IX
P06324,,VI/VII
P06325,,VI/VII
P06326,,VI/VII
P06327,,VI/VII
P06328,,VI/VII
P06329,,VI/VII
P06330,,VI/VII
P06331,,VI/VII
P06332,,VI/VII
P06333,,VI/VII
P06334,,
P06335,,
P06336,,VI/VII
P06337,,VI/VII
P06338,,VI/VII
P06339,,VI/VII
P06340,,VI/VII
P06341,,VI/VII
P06342,,VI/VII
P06343,,VI/VII
P06344,,XVI
P06345,,VI/VII
P06346,,VI/VII
P06347,,VI/VII
P06348,,VI/VII
P06349,,VI/VII
P06350,,VI/VII
P06351,,VI/VII
P06352,,VI/VII
P06353,,VI/VII
P06354,,VI/VII
P06355,,III
P06356,,III
P06357,,III
P06358,,III
P06359,,III
P06360,,III
P06361,,III
P06362,,III
P06363,,III
P06364,,III
P06365,,
P06366,,
P06367,,
P06368,,XIV
P06369,,XIV
P06370,,XIV
P06371,,XIV
P06372,,XII
P06373,,XI
P06374,,XI
P06375,,XI
P06376,,XI
P06377,,XI
P06378,,XI
P06379,,XI
P06380,,XI
P06381,,XI
P06382,,XI
P06383,,VI/VII
P06384,,VI/VII
P06385,,
P06386,,
P06387,,XXII
P06388,,
P06389,,
P06390,,
P06391,,XXI
P06392,,
P06393,,XXII
P06676,,VI/VII
P06678,,XX
P06680,,VI/VII
P06681,,VI/VII
P06682,,VI/VII
P06683,,VI/VII
P06684,,VI/VII
P06685,,VI/VII
P06686,,VI/VII
P06687,,VI/VII
P06688,,VI/VII
P06689,,VI/VII
P06690,,VI/VII
P06691,,VI/VII
P06692,,VI/VII
P06693,,VI/VII
P06694,,VI/VII
P06695,,VI/VII
P06696,,VI/VII
P06697,,VI/VII
P06698,,VI/VII
P06699,,VI/VII
P06700,,VI/VII
P06701,,VI/VII
P06702,,VI/VII
P06703,,VI/VII
P06704,,VI/VII
P06705,,VI/VII
P06706,,VI/VII
P06707,,VI/VII
P06708,,VI/VII
P06709,,VI/VII
P06710,,VI/VII
P06711,,VI/VII
P06712,,VI/VII
P06713,,XV
P06714,,XV
P06715,,XV
P06716,,XX
P06717,,XXIV
P06718,,V
P06719,,XI
P06720,,XIII
P06721,,XXVII
P06722,,XXVII
P06723,,VI/VII
P06724,,VI/VII
P06725,,VI/VII
P06727,,
P06729,,
P06730,,
P06807,,VI/VII
P06808,,VI/VII
P06812,,
P06832,,I
P06836,,VI/VII
P06840,,VI/VII
P06842,,VI/VII
P06844,,VI/VII
P06846,,VI/VII
P06848,,VI/VII
P06851,,VI/VII
P06853,,VI/VII
P06855,,VI/VII
P06859,,I
P06868,,
P06869,,
P06870,,
P06892,,
P06894,,
P06896,,
P06930,,
P06931,,
P06940,,
P06941,,
P06942,,
P06943,,
P06944,,
P06945,,
P06946,,
P06947,,
P06948,,
P06949,,
P06950,,
P07400,,
P07402,,
P07404,,
P07406,,
P07408,,
P07428,,VI/VII
P07429,,VI/VII
P07430,,VI/VII
P07431,,VI/VII
P07432,,VI/VII
P07481,,I
P07526,,III
P07648,,VI/VII
P07650,,XI
P07651,,XIV
P07653,,I
P07669,,I
P07670,,I
P07671,,I
P07672,,I
P07673,,I
P07674,,
P07675,,
P07676,,
P07677,,
P07678,,
P07680,,XX
P07681,,XV
P07682,,XI
P07683,,XII
P07684,,XII
P07685,,XII
P07686,,XII
P07687,,XI
P07688,,VI/VII
P07689,,VI/VII
P07690,,XIV
P07691,,XIV
P07692,,XIV
P07693,,XIV
P07694,,XIV
P07695,,XIV
P07696,,XIV
P07697,,III
P07698,,VI/VII
P07699,,VI/VII
P07700,,VI/VII
P07701,,VI/VII
P07702,,VI/VII
P07703,,VI/VII
P07704,,VI/VII
P07705,,VI/VII
P07706,,VI/VII
P07707,,VI/VII
P07708,,VI/VII
P07709,,VI/VII
P07710,,VI/VII
P07711,,VI/VII
P07712,,VI/VII
P07713,,VI/VII
P07714,,VI/VII
P07715,,VI/VII
P07716,,VI/VII
P07717,,VI/VII
P07719,,VI/VII
P07720,,VI/VII
P07721,,VI/VII
P07722,,XV
P07724,,
P07725,,VI/VII
P07726,,VI/VII
P07727,,VI/VII
P07728,,VI/VII
P07729,,VI/VII
P07730,,VI/VII
P07731,,VIII
P07732,,VIII
P07733,,V
P07734,,XVI
P07735,,V
P07736,,V
P07737,,V
P07738,,V
P07739,,XVII
P07740,,IX
P07741,,
P07742,,
P07743,,
P07744,,
P07745,,
P07761,,XIV
P07762,,I
P07763,,
P07765,,XI
P07766,,XII
P07767,,VI/VII
P07768,,XI
P07769,,XI
P07770,,XI
P07771,,XIV
P07772,,XIV
P07773,,XIV
P07774,,III
P07775,,III
P07776,,XVI
P07777,,VI/VII
P07778,,VI/VII
P07779,,
P07780,,VI/VII
P07781,,VI/VII
P07782,,VI/VII
P07783,,VI/VII
P07784,,VI/VII
P07785,,XV
P07786,,VI/VII
P07787,,VI/VII
P07788,,VI/VII
P07789,,VI/VII
P07790,,VI/VII
P07791,,IX
P07792,,IX
P07793,,VIII
P07794,,V
P07795,,V
P07796,,XXI
P07797,,I
P07798,,XIX
P07812,,I
P07813,,I
P07814,,
P07815,,
P07816,,
P07817,,XII
P07818,,XI
P07819,,XI
P07820,,III
P07821,,III
P07822,,III
P07823,,III
P07824,,III
P07825,,III
P07826,,XXXII
P07827,,VI/VII
P07828,,VI/VII
P07829,,VI/VII
P07830,,VI/VII
P07831,,VI/VII
P07832,,VI/VII
P07833,,VI/VII
P07834,,VI/VII
P07835,,VI/VII
P07836,,VI/VII
P07837,,XV
P07838,,XV
P07839,,XV
P07840,,XVII
P07841,,
P07842,,IX
P07843,,IX
P07849,,
P07850,,
P07851,,XXIX
P07852,,VI/VII
P07853,,VI/VII
P07854,,VI/VII
P07855,,VI/VII
P07856,,VI/VII
P07857,,VI/VII
P07858,,VI/VII
P07859,,VI/VII
P07860,,VI/VII
P07861,,VI/VII
P07862,,VI/VII
P07863,,VI/VII
P07864,,VI/VII
P07865,,VI/VII
P07866,,VI/VII
P07867,,VI/VII
P07868,,VI/VII
P07869,,VI/VII
P07870,,VI/VII
P07871,,VI/VII
P07872,,VI/VII
P07873,,XII
P07874,,XII
P07875,,XII
P07876,,XXX
P07877,,XIV
P07878,,VI/VII
P07879,,VI/VII
P07880,,VI/VII
P07881,,VI/VII
P07882,,VI/VII
P07883,,VI/VII
P07884,,
P07885,,
P07886,,
P07887,,
P07888,,
P07889,,
P07890,,
P07891,,
P07892,,
P07893,,
P07894,,
P07895,,
P07896,,III
P07900,,VI/VII
P07901,,
P07902,,
P07903,,
P07904,,
P07905,,
P07906,,
P07938,,
P07939,,
P07940,,
P07941,,
P07942,,
P07943,,
P07944,,
P07945,,
P07946,,
P07947,,
P07948,,
P07949,,
P07950,,
P07951,,
P07952,,
P07954,,
P07955,,
P07956,,
P07957,,
P07958,,
P07959,,
P07960,,
P07961,,
P07962,,
P07963,,
P07964,,
P07965,,
P07966,,
P07967,,
P07968,,
P07969,,
P07970,,
P07971,,VI/VII
P07972,,VI/VII
P07973,,VI/VII
P07974,,VI/VII
P07975,,VI/VII
P07976,,VI/VII
P07978,,
P07983,,XVI
P07984,,I
P07985,,IV
P07986,,I
P07987,,
P07988,,
P07989,,
P07990,,
P07991,,
P07992,,
P07993,,
P07994,,
P07995,,
P07996,,
P07997,,
P07998,,
P07999,,
P08000,,
P08001,,
P08002,,
P08004,,IX
P08006,,VIII
P08007,,IX
P08008,,IX
P08009,,XXII
P08015,,
P08057,,
P08058,omega conotoxin,VI/VII
P08059,omega conotoxin,VI/VII
P08067,,VI/VII
P08073,,I
P08074,rho conotoxin,I
P08075,rho conotoxin,I
P08076,,I
P08077,,I
P08091,mu conotoxin,III
P08094,,VI/VII
P08114,,VI/VII
P08122,,XIV
P08124,,XIV
P08126,,XIV
P08129,,XIV
P08132,,IV
P08134,,III
P08145,,VI/VII
P08160,,
P08184,,III
P08187,,VI/VII
P08189,,XV
P08192,,
P08194,,
P08196,,
P08208,,I
P08210,,XX
P08223,,III
P08227,,VI/VII
P08229,,VI/VII
P08231,,VI/VII
P08233,,VI/VII
P08235,,VI/VII
P08254,,V
P08256,,V
P08258,,V
P08272,,III
P08284,,VI/VII
P08366,,
P08368,,
P08373,,
P08375,,V
P08376,,III
P08377,,I
P08379,,III
P08382,,I
P08384,,I
P08386,,III
P08388,,I
P08392,,III
P08394,,I
P08396,,I
P08398,,VI/VII
P08400,,VI/VII
P08402,,VI/VII
P08404,,XIV
P08406,,VI/VII
P08408,,VI/VII
P08430,,
P08432,,
P08434,,IX
P08454,,I
P08456,,V
P08459,alpha conotoxin,IV
P08460,,V
P08462,,V
P08464,,
P08465,,VI/VII
P08466,,VI/VII
P08467,delta conotoxin,VI/VII
P08468,,IV
P08470,,I
P08472,,
P08473,,
P08476,,
P08478,,
P08480,,
P08482,,XX
P08484,,XXII
P08489,,XIV
P08490,,XIV
P08491,,XIV
P08493,,XIV
P08494,,XIV
P08496,,XIV
P08497,,I
P08532,,III
P08535,,III
P08537,,III
P08539,,III
P08542,,III
P08545,,III
P08547,,III
P08549,,III
P08551,,III
P08553,,III
P08555,,III
P08557,,III
P08559,,III
P08563,,III
P08565,,III
P08567,,III
P08569,,III
P08571,,III
P08575,,XXVII
P08577,,XXVII
P08581,,XXVII
P08582,,XXVII
P08584,,XXVII
P08586,,XXVII
P08588,,XXVII
P08590,,XXVII
P08592,,XXVII
P08594,,XXVII
P08596,,XXVII
P08598,,XXVII
P08600,,XXVII
P08602,,XXVII
P08604,,XXVII
P08679,,XIV
P08682,,IX
P08684,,VI/VII
P08721,,
P08722,,
P08723,,I
P08725,,XXVIII
P08727,,XXII
P08729,,XI
P08731,,XI
P08733,,XI
P08735,,XXIII
P08737,,III
P08739,,III
P08741,,III
P08743,,IX
P08745,,
P08748,,VI/VII
P08749,,VI/VII
P08751,,IX
P08753,,IX
P08755,,IX
P08757,,V
P08759,,XIV
P08761,,
P08763,,XX
P08765,,XXIII
P08767,,VI/VII
P08770,,VIII
P08772,,XIV
P08785,,
P08929,,
P08934,,
P08936,,
P08938,,
P08939,,
P08942,,VIII
P08955,,
P08999,,XX
P09040,,
P09043,,XIV
P09058,,I
P09060,,V
P09061,,V
P09063,,V
P09065,,I
P09067,,I
P09069,,I
P09166,,V
P09752,,
P09755,,
P09756,,
P09758,,
P09759,,
P09760,,
P09761,,
P09763,,
P09764,,
P09978,,
P10036,,
P10038,,V
P10040,,XIV
P10042,,IX
P10044,,III
P10046,,VI/VII
P10048,,VI/VII
P10050,,VI/VII
P10052,,VI/VII
P10054,,VI/VII
P10056,,VI/VII
P10059,,XV
P10061,,XV
P10063,,XII
P10065,,VI/VII
P10067,,I
P10069,,VI/VII
P10070,,III
P10073,,III
P10075,,III
P10077,,XVI
P10079,,XXXII
P10081,,VI/VII
P10083,,VIII
P10085,,VIII
P10087,,XI
P10089,,VI/VII
P10091,,VI/VII
P10093,,XXII
P10095,,XI
P10097,,XI
P10099,,XI
P10101,,XVII
P10103,,I
P10104,,VI/VII
P10105,,
P10106,,
P10107,,
P10108,,
P10109,,
P10110,,
P10111,,
P10112,,
P10113,,
P10114,,
P10115,,
P10116,,
P10117,,
P10118,,
P10129,,
P10131,,
P10133,,
P10135,,
P10137,,
P10152,,III
