uid,gene,strand,taxa_name,species,genus,family,order,gene_info,x_umap,y_umap,z_umap,x_pca,y_pca,z_pca,variance,x_tsne,y_tsne,z_tsne
mAimeC,Pla2g2C,+,Ailuropoda melanoleuca,Ailuropoda melanoleuca,Ailuropoda,Ursidae,Carnivora,NA,1.9602959,-5.542987,7.421851,3.2376497,0.5784551,-0.8140229,,-1.9544878,-20.018383,8.01206
mAimeF,Pla2g2F,-,Ailuropoda melanoleuca,Ailuropoda melanoleuca,Ailuropoda,Ursidae,Carnivora,NA,6.7803097,11.937249,14.690687,-1.0745838,0.063514456,-0.49690336,,-2.1135085,14.822572,-3.0841615
mAimeDb,Pla2g2D1,+,Ailuropoda melanoleuca,Ailuropoda melanoleuca,Ailuropoda,Ursidae,Carnivora,NA,7.405635,16.89308,10.48437,-0.19024494,-0.1512165,-0.06782091,,-3.4345744,-1.1952623,-3.273319
mAimeDa,Pla2g2D1,+,Ailuropoda melanoleuca,Ailuropoda melanoleuca,Ailuropoda,Ursidae,Carnivora,NA,7.3323545,16.831652,10.715581,-0.19024494,-0.1512165,-0.06782091,,-3.434655,-1.1951197,-3.2733078
mAimeV,Pla2g2V1,-,Ailuropoda melanoleuca,Ailuropoda melanoleuca,Ailuropoda,Ursidae,Carnivora,NA,,,,,,,,,,
mAimeE,Pla2g2E,+,Ailuropoda melanoleuca,Ailuropoda melanoleuca,Ailuropoda,Ursidae,Carnivora,NA,9.328601,13.775091,2.3642347,2.0199645,0.24689397,0.656439,,-3.505427,-10.9869995,7.6615467
mAifuE,Pla2g2E,-,Ailurus styani,Ailurus styani,Ailurus,Ailuridae,Carnivora,NA,9.601857,13.7228,2.6523845,1.7046931,0.11216339,0.56950814,,-3.4736907,-10.152889,7.0438433
mAifuV,Pla2g2V1,+,Ailurus styani,Ailurus styani,Ailurus,Ailuridae,Carnivora,NA,9.599556,14.1369095,13.190068,-0.7875942,-0.099788025,0.034853943,,3.8808496,4.6901035,-2.8462958
mAifuD,Pla2g2D1,-,Ailurus styani,Ailurus styani,Ailurus,Ailuridae,Carnivora,NA,7.115899,16.906618,10.493788,-0.025544712,-0.30186158,0.031650618,,-3.443971,-1.7923764,-2.948718
mAifuF,Pla2g2F,+,Ailurus styani,Ailurus styani,Ailurus,Ailuridae,Carnivora,NA,6.1841936,11.687212,14.701481,-1.1740279,0.20808263,-0.48164347,,-1.6137483,13.778768,-4.1272626
mAifuC,Pla2g2C,-,Ailurus styani,Ailurus styani,Ailurus,Ailuridae,Carnivora,NA,2.9609852,-5.3312035,6.6579723,2.5415466,0.4623152,-0.9225853,,-1.353927,-17.729513,7.2286515
cAlmiC,Pla2g2C,+,Alligator mississippiensis,Alligator mississippiensis,Alligator,Alligatoridae,Crocodylia,NA,9.216962,16.100395,9.030217,-0.024536902,-0.2978095,0.5806151,,4.8043475,0.16223624,6.94436
cAlmiD3,Pla2g2D3,+,Alligator mississippiensis,Alligator mississippiensis,Alligator,Alligatoridae,Crocodylia,NA,9.092816,15.253715,12.244919,-0.43827644,-0.48750174,-0.15226096,,6.6940804,3.9554493,-0.17742124
cAlmiD1,Pla2g2D1,+,Alligator mississippiensis,Alligator mississippiensis,Alligator,Alligatoridae,Crocodylia,NA,7.10049,14.810376,11.008243,-0.38856798,-0.2325859,-0.33733904,,-3.1326656,3.2289,-2.3760374
cAlmiE,Pla2g2E,+,Alligator mississippiensis,Alligator mississippiensis,Alligator,Alligatoridae,Crocodylia,(no exon 1),8.645119,12.921988,9.58792,-0.451638,-0.52511346,-0.2411302,,-5.6378117,2.9711106,6.437617
cAlsiD1,Pla2g2D1,-,Alligator sinensis,Alligator sinensis,Alligator,Alligatoridae,Crocodylia,(assembly gap exon 4 no exon 1),,,,,,,,,,
cAlsiD3,Pla2g2D3,-,Alligator sinensis,Alligator sinensis,Alligator,Alligatoridae,Crocodylia,NA,9.120789,15.21458,12.697582,-0.5301557,-0.4110651,-0.16497663,,6.6789703,3.9911819,-0.18847124
cAlsiC,Pla2g2C,-,Alligator sinensis,Alligator sinensis,Alligator,Alligatoridae,Crocodylia,NA,9.50554,15.575582,9.713592,-0.6891406,-0.19378963,0.39114732,,4.5391545,1.576784,5.9710608
bAnplC,Pla2g2C,+,Anas platyrhynchos platyrhynchos,Anas platyrhynchos,Anas,Anatidae,Anseriformes,(no first exon),10.236048,15.108664,5.4185424,0.2890842,0.27491122,0.34499577,,3.6961215,-7.481542,-1.4199749
bAnplD,Pla2g2D3,+,Anas platyrhynchos platyrhynchos,Anas platyrhynchos,Anas,Anatidae,Anseriformes,NA,10.154819,16.741318,12.031346,-0.43057823,0.25495777,0.518049,,6.6264186,-2.2344854,-2.1528342
bAnplB,Pla2g2B,+,Anas platyrhynchos platyrhynchos,Anas platyrhynchos,Anas,Anatidae,Anseriformes,NA,-7.3340516,10.956312,0.8288817,-1.084583,2.7286985,0.31236634,,8.021943,12.637694,-4.627815
bAnplE,Pla2g2E,+,Anas platyrhynchos platyrhynchos,Anas platyrhynchos,Anas,Anatidae,Anseriformes,(no first exon),8.637336,16.035698,7.6885915,0.33321422,-0.15769161,0.8879839,,1.6058631,-4.34565,6.114586
bAncyE,Pla2g2E,-,Anser cygnoid,Anser cygnoid,Anser,Anatidae,Anseriformes,NA,8.896205,15.568356,8.206407,0.10569442,-0.4354431,0.30668935,,0.9511602,-2.9104059,6.0316067
bAncyB,Pla2g2B,-,Anser cygnoid,Anser cygnoid,Anser,Anatidae,Anseriformes,NA,-7.381457,10.92316,0.6884376,-1.3166234,2.7026985,0.19852042,11.870516836643219,7.882794,12.122421,-4.0924215
bAncyD,Pla2g2D3,-,Anser cygnoid,Anser cygnoid,Anser,Anatidae,Anseriformes,NA,9.817589,16.606392,12.003592,-0.39459366,0.19147131,0.66520715,,6.6866045,-2.1637185,-2.0085642
bAncyC,Pla2g2C,-,Anser cygnoid,Anser cygnoid,Anser,Anatidae,Anseriformes,(no exon 1),9.982562,15.19171,5.3164334,0.22164106,0.2721776,0.25042993,7.6496422290802,3.4552794,-7.5084796,-1.786223
bApfoE,Pla2g2E,-,Aptenodytes forsteri,Aptenodytes forsteri,Aptenodytes,Spheniscidae,Sphenisciformes,(no exon 1),7.961277,15.667097,7.0998664,1.0233796,-0.44580954,0.6862607,,0.9439729,-6.209995,5.6020336
bApfoB,Pla2g2B,-,Aptenodytes forsteri,Aptenodytes forsteri,Aptenodytes,Spheniscidae,Sphenisciformes,NA,-7.0209866,11.100305,0.56697476,-1.2980331,2.2737825,0.517704,,6.7361693,11.6775255,-4.415123
bApfoD,Pla2g2D3,-,Aptenodytes forsteri,Aptenodytes forsteri,Aptenodytes,Spheniscidae,Sphenisciformes,NA,9.536519,17.085142,12.56132,-0.08298417,-0.15385707,0.5556649,,7.6920776,-0.85429245,-0.43031406
bApfoC,Pla2g2C,-,Aptenodytes forsteri,Aptenodytes forsteri,Aptenodytes,Spheniscidae,Sphenisciformes,NA,9.91395,14.843718,5.94997,0.30204374,-0.08347584,0.16931383,,2.115519,-6.830236,-0.25190583
bApauC,Pla2g2C,+,Apteryx mantelli mantelli,Apteryx mantelli,Apteryx,Apterygidae,Apterygiformes,NA,10.193516,15.060327,5.9436765,0.14025968,0.12974836,0.07408123,,2.5813022,-6.3540564,-1.6791645
bAqchB,Pla2g2B,-,Aquila chrysaetos canadensis,Aquila chrysaetos,Aquila,Accipitridae,Accipitriformes,NA,-7.0526223,10.811456,0.82887286,-1.3023514,2.285006,0.3073525,,7.503426,11.472443,-4.923787
bAqchD,Pla2g2D3,-,Aquila chrysaetos canadensis,Aquila chrysaetos,Aquila,Accipitridae,Accipitriformes,NA,9.654183,16.952372,12.351659,-0.14851849,-0.06205141,0.46633872,,6.8718066,-0.95075405,-0.66879606
bAqchC,Pla2g2C,-,Aquila chrysaetos canadensis,Aquila chrysaetos,Aquila,Accipitridae,Accipitriformes,NA,9.870084,15.094802,5.720966,0.2963713,0.034208726,0.112229116,,1.5410488,-7.2147775,-0.9741659
bBareC,Pla2g2C,+,Balearica regulorum gibbericeps,Balearica regulorum,Balearica,Gruidae,Gruiformes,NA,10.094786,14.736801,5.6660213,0.40959567,0.056074604,0.20961265,,2.4831097,-7.543778,-0.3578438
bBareD,Pla2g2D3,+,Balearica regulorum gibbericeps,Balearica regulorum,Balearica,Gruidae,Gruiformes,NA,9.7452,16.524849,12.67367,-0.38234892,0.09483142,0.34366158,,6.554775,-0.14818941,-1.8934715
bBareB,Pla2g2B,+,Balearica regulorum gibbericeps,Balearica regulorum,Balearica,Gruidae,Gruiformes,NA,-7.296461,11.052961,0.73821133,-1.5045283,2.1392763,0.32107133,,6.1959386,12.462396,-4.5012803
bBareE,Pla2g2E,+,Balearica regulorum gibbericeps,Balearica regulorum,Balearica,Gruidae,Gruiformes,NA,8.238137,15.583157,7.38474,0.6129014,-0.4452556,0.61872655,,0.85688776,-5.651865,5.3572206
mBibiE,Pla2g2E,-,Bison bison bison,Bison bison,Bison,Bovidae,Artiodactyla,NA,9.626657,13.183449,1.3580562,2.7781777,0.117286235,0.66015184,,-3.017639,-12.925707,9.181824
mBibiA2,Pla2g2A,-,Bison bison bison,Bison bison,Bison,Bovidae,Artiodactyla,NA,8.799809,14.505866,11.4817505,-0.59381646,-0.30485004,0.07147285,,1.5737133,2.9067163,-0.21936382
mBibiA3,Pla2g2A,-,Bison bison bison,Bison bison,Bison,Bovidae,Artiodactyla,NA,8.91999,14.720176,10.284185,-0.41273582,-0.396305,0.2575463,,0.8124321,1.2737763,2.282771
mBibiA4,Pla2g2A,-,Bison bison bison,Bison bison,Bison,Bovidae,Artiodactyla,NA,8.627934,15.946049,9.4176,0.039126735,-0.20254615,0.5486184,,2.8124967,-1.0240817,2.6149848
mBibiDa,Pla2g2D1,-,Bison bison bison,Bison bison,Bison,Bovidae,Artiodactyla,(alternative splicing possible),6.5937986,16.534803,11.100549,-0.008379736,0.0060661547,-0.3668482,,-1.3926916,-2.5453346,-6.777152
mBibiDb,Pla2g2D1,-,Bison bison bison,Bison bison,Bison,Bovidae,Artiodactyla,(alternative splicing possible),6.531639,16.163645,11.158982,-0.07044501,-0.01063348,-0.39856753,,-1.7493681,-1.7978384,-6.461536
mBibiF,Pla2g2F,+,Bison bison bison,Bison bison,Bison,Bovidae,Artiodactyla,(truncated assembly gap),7.2921023,11.9007,14.541453,-1.0079039,-0.07538529,-0.45213848,,-1.5045744,14.152877,-1.928565
mBibiC,Pla2g2C,-,Bison bison bison,Bison bison,Bison,Bovidae,Artiodactyla,NA,2.5548313,-5.7939105,6.5717273,2.977702,0.5308717,-0.75867456,,-0.54270697,-19.081808,6.3243313
sBocoGo,Pla2g2G0,-,Boa constrictor constrictor,Boa constrictor,Boa,Boidae,Squamata,NA,9.316529,12.454298,9.62892,-0.22426672,-0.41792396,-0.34353405,,-5.5266943,1.269904,2.9334068
sBocoD,Pla2g2D1,+,Boa constrictor constrictor,Boa constrictor,Boa,Boidae,Squamata,(no exon 1),9.588955,15.730589,11.137052,-0.20447099,-0.10712603,0.326694,,3.5295465,-1.2043139,-2.0476391
sBocoE,Pla2g2E,+,Boa constrictor constrictor,Boa constrictor,Boa,Boidae,Squamata,(no exon 1),13.710478,12.3485775,8.474548,-0.2311637,0.35805476,0.24545197,,4.750526,-5.3458076,-6.2733464
sBocoF,Pla2g2F,+,Boa constrictor constrictor,Boa constrictor,Boa,Boidae,Squamata,NA,4.938653,13.711703,10.955277,-0.7163462,-0.025695499,-0.08071218,,-1.5491498,4.838692,-8.370598
mBotaC,Pla2g2C,+,Bos taurus,Bos taurus,Bos,Bovidae,Artiodactyla,NA,2.611322,-5.981386,6.5983567,3.025673,0.5561697,-0.7665368,,-0.7068935,-19.733356,6.1651
mBotaF,Pla2g2F,-,Bos taurus,Bos taurus,Bos,Bovidae,Artiodactyla,NA,7.0718484,11.615163,14.715994,-1.1135129,0.03177677,-0.49093226,,-1.3709234,13.873861,-2.6679623
mBotaDb,Pla2g2D1,+,Bos taurus,Bos taurus,Bos,Bovidae,Artiodactyla,NA,6.7569675,15.842382,11.160543,-0.31524634,0.03905243,-0.4569058,,-1.8099339,-1.1135944,-6.7900953
mBotaDa,Pla2g2D1,+,Bos taurus,Bos taurus,Bos,Bovidae,Artiodactyla,NA,6.481759,16.350422,11.050456,-0.010366956,0.03623238,-0.37635538,,-1.3892016,-2.6018474,-6.835612
mBotaV,Pla2g2V1,-,Bos taurus,Bos taurus,Bos,Bovidae,Artiodactyla,NA,9.85501,14.27378,13.62262,-0.77896273,-0.019592825,-0.21998292,,4.230669,4.053856,-5.9800525
mBotaA5,Pla2g2A,+,Bos taurus,Bos taurus,Bos,Bovidae,Artiodactyla,NA,7.5947657,12.60791,12.237504,-1.4657204,0.07929749,-0.55137706,,-2.8331585,9.585404,-0.64114267
mBotaA3,Pla2g2A,+,Bos taurus,Bos taurus,Bos,Bovidae,Artiodactyla,NA,8.364133,14.61744,11.504448,-0.59381646,-0.30485004,0.07147285,,1.5736904,2.9067118,-0.21935375
mBotaA,Pla2g2A,+,Bos taurus,Bos taurus,Bos,Bovidae,Artiodactyla,NA,9.003407,14.754708,10.265085,-0.4383512,-0.44673884,0.25210842,,0.81698436,1.2738755,2.2966504
mCaluC,Pla2g2C,+,Canis lupus familiaris,Canis lupus,Canis,Canidae,Carnivora,NA,2.1274192,-5.2310987,7.282685,3.0341997,0.5005709,-0.9227684,,-2.734701,-19.610323,7.4673605
mCaluF,Pla2g2F,-,Canis lupus familiaris,Canis lupus,Canis,Canidae,Carnivora,NA,6.441481,11.944558,14.745707,-1.2505105,0.0022984196,-0.59495115,,-2.8605049,14.136148,-4.785249
mCaluD1,Pla2g2D1,+,Canis lupus familiaris,Canis lupus,Canis,Canidae,Carnivora,NA,,,,,,,,,,
mCaluV,Pla2g2V1,-,Canis lupus familiaris,Canis lupus,Canis,Canidae,Carnivora,NA,9.55163,14.234751,13.230705,-0.6587879,-0.06771905,0.06350847,,3.6254425,4.203435,-4.0826745
mCaluE,Pla2g2E,+,Canis lupus familiaris,Canis lupus,Canis,Canidae,Carnivora,NA,9.437513,13.53933,1.9265165,2.0949922,0.2663313,0.7644044,,-3.3619268,-10.831405,8.6882515
mCahiE,Pla2g2E,-,Capra hircus,Capra hircus,Capra,Bovidae,Artiodactyla,NA,9.362601,13.206795,1.6289977,2.388315,0.26370624,0.7243531,,-2.9583669,-11.901396,9.232067
mCahiA,Pla2g2A,-,Capra hircus,Capra hircus,Capra,Bovidae,Artiodactyla,NA,9.025622,14.491716,10.765134,-0.4887047,-0.26170528,0.10332465,,0.124128856,2.1734915,1.6409749
mCahiA2,Pla2g2A,-,Capra hircus,Capra hircus,Capra,Bovidae,Artiodactyla,NA,8.602383,14.581652,11.174339,-0.6301641,-0.25508982,0.14706442,,1.4608974,3.510809,0.5236805
mCahiA4,Pla2g2A,-,Capra hircus,Capra hircus,Capra,Bovidae,Artiodactyla,NA,7.2762938,12.26869,12.679305,-2.0229707,0.696428,-0.7769745,,-2.917077,9.641583,-0.64808214
mCahiA5,Pla2g2A,-,Capra hircus,Capra hircus,Capra,Bovidae,Artiodactyla,NA,8.321322,15.049132,10.709806,-0.68120635,-0.02455608,0.16410013,,3.2340188,1.0371192,2.356343
mCahiV,Pla2g2V1,+,Capra hircus,Capra hircus,Capra,Bovidae,Artiodactyla,NA,9.899069,14.909809,13.366138,-0.54400027,0.10763521,0.0047641965,,4.7221756,3.2110565,-5.470896
mCahiDa,Pla2g2D1,-,Capra hircus,Capra hircus,Capra,Bovidae,Artiodactyla,NA,6.8195214,15.724491,11.237199,-0.3470627,-0.17910516,-0.27654678,,-0.9105476,-1.5005673,-5.7717605
mCahiDb,Pla2g2D1,-,Capra hircus,Capra hircus,Capra,Bovidae,Artiodactyla,NA,6.8446307,16.024618,10.535512,-0.07826521,-0.19402649,-0.1784194,,-1.883396,-1.8598164,-5.146574
mCahiF,Pla2g2F,+,Capra hircus,Capra hircus,Capra,Bovidae,Artiodactyla,NA,7.2989006,12.110772,14.521317,-1.0003451,0.122266814,-0.42843524,,-0.4162718,14.581424,-2.80178
mCahiC,Pla2g2C,-,Capra hircus,Capra hircus,Capra,Bovidae,Artiodactyla,(no exon 1),2.5372918,-5.41934,6.1612277,2.8939188,0.48599562,-0.8452182,,-1.0973539,-18.805449,6.7425966
cChmyD1,Pla2g2D1,-,Chelonia mydas,Chelonia mydas,Chelonia,Cheloniidae,Testudines,NA,6.621516,15.9794035,9.511016,0.38852,-0.030880524,0.020397432,,-4.319435,-4.968319,-0.41878265
cChmyD3,Pla2g2D3,-,Chelonia mydas,Chelonia mydas,Chelonia,Cheloniidae,Testudines,NA,8.74907,15.368053,10.497546,-0.15918718,-0.6176198,0.017318558,,0.3434308,0.12742442,-0.6781252
cChmyF,Pla2g2F,+,Chelonia mydas,Chelonia mydas,Chelonia,Cheloniidae,Testudines,NA,7.834254,14.655705,9.234733,-0.06635816,-0.38195372,0.045898058,,-0.84532607,-2.5211225,0.91184366
mChlaE,Pla2g2E,-,Chinchilla lanigera,Chinchilla lanigera,Chinchilla,Chinchillidae,Rodentia,(no exon 1),9.410549,14.069811,3.5094972,1.105297,0.062043335,0.29931918,,-1.8144743,-8.9595175,6.31595
mChlaA2,Pla2g2A,-,Chinchilla lanigera,Chinchilla lanigera,Chinchilla,Chinchillidae,Rodentia,NA,6.5893235,13.529689,12.435855,-1.0223696,-0.10391105,-0.20793524,,-1.7043895,7.5287604,-4.678408
mChlaA3,Pla2g2A,-,Chinchilla lanigera,Chinchilla lanigera,Chinchilla,Chinchillidae,Rodentia,NA,9.705659,15.912965,9.456926,-0.3703933,-0.44445336,0.62394917,,3.3870194,0.03326471,5.297096
mChlaA4,Pla2g2A,-,Chinchilla lanigera,Chinchilla lanigera,Chinchilla,Chinchillidae,Rodentia,NA,9.408742,16.461632,8.801676,0.0053783585,-0.3347911,0.8617892,,3.9343402,-1.381177,6.626577
mChlaV,Pla2g2V1,+,Chinchilla lanigera,Chinchilla lanigera,Chinchilla,Chinchillidae,Rodentia,NA,8.818427,14.232942,13.18118,-0.83372617,-0.16543032,-0.11780283,,3.0236912,5.212531,-4.835481
mChlaD,Pla2g2D1,-,Chinchilla lanigera,Chinchilla lanigera,Chinchilla,Chinchillidae,Rodentia,NA,6.905386,14.932516,11.571241,-0.6730269,0.036985584,-0.17146754,,-2.1222365,1.1033133,-4.8327255
mChlaF,Pla2g2F,+,Chinchilla lanigera,Chinchilla lanigera,Chinchilla,Chinchillidae,Rodentia,NA,6.4382386,11.750017,13.75068,-1.3936425,0.26117158,-0.58481497,,-1.1326025,12.098893,-4.943776
mChlaC,Pla2g2C,-,Chinchilla lanigera,Chinchilla lanigera,Chinchilla,Chinchillidae,Rodentia,(no exon 1),2.23824,-5.125343,6.4813385,2.7964745,0.2771402,-0.8570149,,-2.4217257,-19.411415,5.548097
bChmaE,Pla2g2E,-,Chlamydotis macqueenii,Chlamydotis macqueenii,Chlamydotis,Otididae,Gruiformes,NA,8.1369,15.808895,7.169437,0.9049343,-0.25330496,0.6279123,,1.0711501,-5.731786,6.126073
bChmaB,Pla2g2B,-,Chlamydotis macqueenii,Chlamydotis macqueenii,Chlamydotis,Otididae,Gruiformes,NA,-7.0332284,11.083055,1.0131418,-1.2733238,2.222782,0.45560738,,6.9402986,12.564594,-5.8374844
bChmaD,Pla2g2D3,-,Chlamydotis macqueenii,Chlamydotis macqueenii,Chlamydotis,Otididae,Gruiformes,NA,9.683259,16.421267,12.053428,-0.30999878,-0.02640326,0.35238314,,6.3923993,-0.5828185,-1.4024663
bChmaC,Pla2g2C,-,Chlamydotis macqueenii,Chlamydotis macqueenii,Chlamydotis,Otididae,Gruiformes,NA,10.180781,14.887851,5.567625,0.30046287,0.22603293,0.2173986,,3.1270826,-7.54385,-0.7996729
cChpiD1,Pla2g2D1,-,Chrysemys picta bellii,Chrysemys picta,Chrysemys,Emydidae,Testudines,NA,6.728324,16.068062,9.315745,0.6002688,-0.13696854,-0.0025851165,,-4.324943,-4.966724,-0.3490088
cChpiD2,Pla2g2D2,-,Chrysemys picta bellii,Chrysemys picta,Chrysemys,Emydidae,Testudines,NA,8.12817,15.665764,8.914532,0.21277022,-0.41312465,0.28943065,,-0.98534185,-3.5923903,4.8907223
cChpiD3,Pla2g2D3,-,Chrysemys picta bellii,Chrysemys picta,Chrysemys,Emydidae,Testudines,(no exon 1),9.103584,13.692388,12.195845,-0.8205578,-0.4632715,-0.17750812,,0.21512613,4.10704,-2.95821
cChpiF,Pla2g2F,+,Chrysemys picta bellii,Chrysemys picta,Chrysemys,Emydidae,Testudines,(no exon 1),8.186044,14.475858,9.135366,-0.16223995,-0.45363653,-0.038892757,,-0.83478105,-2.4702377,0.9284872
mCocrE,Pla2g2E,-,Condylura cristata,Condylura cristata,Condylura,Talpidae,Eulipotyphla,NA,9.374828,13.863492,2.620434,1.7295178,0.16752605,0.53704363,,-2.4227839,-10.256165,7.6990566
mCocrA2,Pla2g2A,+,Condylura cristata,Condylura cristata,Condylura,Talpidae,Eulipotyphla,NA,9.6212845,16.432241,9.489306,-0.18769364,-0.44114572,0.8147862,,4.0707917,-0.34633377,4.651606
mCocrA3,Pla2g2A,-,Condylura cristata,Condylura cristata,Condylura,Talpidae,Eulipotyphla,NA,9.393705,15.844841,9.985895,-0.5790442,-0.33750412,0.5105303,,4.073558,0.3754953,4.3374224
mCocrV,Pla2g2V1,+,Condylura cristata,Condylura cristata,Condylura,Talpidae,Eulipotyphla,NA,9.146523,14.453927,13.797677,-0.8695578,0.04087008,-0.0009938225,,4.987354,5.278757,-3.6871428
mCocrD,Pla2g2D1,-,Condylura cristata,Condylura cristata,Condylura,Talpidae,Eulipotyphla,NA,7.5540266,16.470083,10.402177,-0.049454078,-0.25191358,0.06023011,,-2.2427762,-1.7831153,-3.2489734
mCocrF,Pla2g2F,+,Condylura cristata,Condylura cristata,Condylura,Talpidae,Eulipotyphla,NA,6.0064306,11.838455,14.779591,-1.1050146,0.1873194,-0.47466555,,-1.5716565,15.283059,-4.6160736
bCocoD,Pla2g2D3,+,Corvus cornix cornix,Corvus cornix,Corvus,Corvidae,Passeriformes,NA,9.902641,17.087133,12.082543,-0.10266177,-0.07514222,0.56871337,,8.001476,-0.7418954,-1.5273538
bCocoE,Pla2g2E,+,Corvus cornix cornix,Corvus cornix,Corvus,Corvidae,Passeriformes,NA,8.17169,16.15342,7.297812,0.8325403,-0.50709367,0.969202,,2.5294366,-5.977345,6.1631618
cCrpoE,Pla2g2E,-,Crocodylus porosus,Crocodylus porosus,Crocodylus,Crocodylidae,Crocodylia,(no exon 1),8.5665245,12.960855,9.333346,-0.20296377,-0.4912603,-0.18478079,,-5.641273,2.947597,6.428109
cCrpoD1,Pla2g2D1,-,Crocodylus porosus,Crocodylus porosus,Crocodylus,Crocodylidae,Crocodylia,NA,7.255734,14.621787,11.100078,-0.4329836,-0.24261703,-0.41126257,,-3.1291285,3.2387543,-2.3642135
cCrpoD3,Pla2g2D3,-,Crocodylus porosus,Crocodylus porosus,Crocodylus,Crocodylidae,Crocodylia,NA,9.136018,15.715902,12.453228,-0.3658049,-0.44029135,0.02191772,,6.846106,3.407749,-0.1723776
cCrpoC,Pla2g2C,-,Crocodylus porosus,Crocodylus porosus,Crocodylus,Crocodylidae,Crocodylia,(no exon 1),9.501081,16.125637,9.258025,-0.26045507,-0.27891695,0.55995566,,4.648892,0.38366216,6.6873446
sCradE,Pla2g2E,-,Crotalus adamanteus,Crotalus adamanteus,Crotalus,Viperidae,Squamata,NA,14.056801,12.857949,8.023884,-0.23028149,0.34198838,0.116928704,,4.2432556,-4.857385,-7.9726663
sCradGc,Pla2g2Gc,-,Crotalus adamanteus,Crotalus adamanteus,Crotalus,Viperidae,Squamata,NA,9.463289,12.041846,8.07257,0.5881208,-0.45515385,-0.22502013,,-6.473237,-2.2556973,3.9523244
sCradGa,Pla2g2Ga,+,Crotalus adamanteus,Crotalus adamanteus,Crotalus,Viperidae,Squamata,NA,9.4222355,11.97687,10.52109,-0.49387732,-0.17569372,-0.14733486,,-5.0412574,4.1534653,2.5827806
sCradD,Pla2g2D1,-,Crotalus adamanteus,Crotalus adamanteus,Crotalus,Viperidae,Squamata,NA,10.085366,15.982436,11.354344,-0.07060922,0.3351341,0.25231692,,3.7724752,-2.502026,-3.1635923
sCradF,Pla2g2F,+,Crotalus adamanteus,Crotalus adamanteus,Crotalus,Viperidae,Squamata,NA,4.534793,13.135304,11.131136,-0.518504,-0.28853878,-0.3677374,,-3.1985114,5.737755,-9.4667845
sCratE,Pla2g2E,-,Crotalus atrox,Crotalus atrox,Crotalus,Viperidae,Squamata,NA,13.878035,12.507981,8.220712,-0.19320096,0.35996065,0.14651322,,4.328329,-4.139501,-7.7294297
sCratGb,Pla2g2Gb,-,Crotalus atrox,Crotalus atrox,Crotalus,Viperidae,Squamata,NA,9.088599,12.612097,8.305276,0.4739728,-0.60343415,-0.34277117,,-4.770509,-1.9918132,3.3963897
sCratGk49,Pla2g2Gk,-,Crotalus atrox,Crotalus atrox,Crotalus,Viperidae,Squamata,NA,8.409114,13.2067175,10.914128,-0.82274735,-0.58238494,-0.4348442,,-1.4707625,6.0356016,1.1525112
sCratGc,Pla2g2Gc,-,Crotalus atrox,Crotalus atrox,Crotalus,Viperidae,Squamata,NA,9.4408245,12.462605,7.7662196,0.6044815,-0.5419236,-0.18877383,,-6.703787,-2.2977931,4.0307903
sCratGa,Pla2g2Ga,+,Crotalus atrox,Crotalus atrox,Crotalus,Viperidae,Squamata,NA,9.219057,12.282287,10.435038,-0.48248288,-0.21398477,-0.11178208,,-4.7548,4.3972425,3.0095005
sCratF,Pla2g2F,+,Crotalus atrox,Crotalus atrox,Crotalus,Viperidae,Squamata,NA,4.5119205,13.422392,11.382112,-0.5090683,-0.26301083,-0.3361955,,-2.9776165,5.1061144,-9.267488
sCrheAE,Pla2g2E,-,Crotalus oreganus helleri,Crotalus oreganus,Crotalus,Viperidae,Squamata,NA,14.222916,12.768724,8.262776,-0.17863186,0.33490422,0.0892755,,3.6713052,-4.8614373,-7.0844417
sCrheAGb,Pla2g2Gb,-,Crotalus oreganus helleri,Crotalus oreganus,Crotalus,Viperidae,Squamata,NA,9.056526,13.842124,9.445475,-0.20653509,-0.43448296,0.082503445,,-2.6317532,-0.023983488,2.908829
sCrheAGc1,Pla2g2Gc,-,Crotalus oreganus helleri,Crotalus oreganus,Crotalus,Viperidae,Squamata,(no first exon),9.348106,12.143705,8.0418415,0.48670146,-0.44114855,-0.33224097,,-6.0150166,-1.8304464,4.5592203
sCrheAGa1,Pla2g2Ga,+,Crotalus oreganus helleri,Crotalus oreganus,Crotalus,Viperidae,Squamata,NA,8.675408,12.424941,11.62547,-1.1177562,0.116984725,-0.33793432,,-5.3557935,5.81428,0.5978414
sCrheAGc2,Pla2g2Gc,-,Crotalus oreganus helleri,Crotalus oreganus,Crotalus,Viperidae,Squamata,(pseudogenised exon 2),,,,,,,,,,
sCrheAGa2,Pla2g2Ga,+,Crotalus oreganus helleri,Crotalus oreganus,Crotalus,Viperidae,Squamata,NA,9.303693,12.131956,10.63717,-0.6146292,-0.15264092,-0.22894354,,-5.527589,4.627759,2.9466043
sCrheAF,Pla2g2F,+,Crotalus oreganus helleri,Crotalus oreganus,Crotalus,Viperidae,Squamata,NA,4.377871,13.44812,11.329851,-0.5090683,-0.26301083,-0.3361955,,-3.40174,4.967052,-8.892262
sCrheBF,Pla2g2F,-,Crotalus oreganus helleri,Crotalus oreganus,Crotalus,Viperidae,Squamata,NA,4.7556105,13.365607,11.452144,-0.519049,-0.28190416,-0.38416228,,-3.6858554,5.85197,-8.834263
sCrheBGa1,Pla2g2Ga,-,Crotalus oreganus helleri,Crotalus oreganus,Crotalus,Viperidae,Squamata,NA,9.625448,12.137504,10.679059,-0.49387732,-0.17569372,-0.14733486,,-5.0412574,4.1534653,2.5827806
sCrheBE,Pla2g2E,+,Crotalus oreganus helleri,Crotalus oreganus,Crotalus,Viperidae,Squamata,NA,14.11911,13.047831,8.281257,-0.2463228,0.35311887,0.057682224,,3.6156747,-4.384424,-8.10859
sCrhoAF,Pla2g2F,-,Crotalus horridus,Crotalus horridus,Crotalus,Viperidae,Squamata,NA,4.4543414,13.677662,11.290166,-0.562039,-0.29438892,-0.3070247,,-2.5147352,5.5832386,-8.614698
sCrhoAGa2,Pla2g2Ga,-,Crotalus horridus,Crotalus horridus,Crotalus,Viperidae,Squamata,NA,9.299694,12.176133,10.569616,-0.4516908,-0.16178879,-0.17197949,,-5.296425,3.8103468,2.3333871
sCrhoAGb,Pla2g2Gb,-,Crotalus horridus,Crotalus horridus,Crotalus,Viperidae,Squamata,NA,8.962851,13.552565,9.18049,-0.17645419,-0.52527046,0.026735166,,-2.718588,0.0104303295,2.9447985
sCrhoAGc1,Pla2g2Gc,-,Crotalus horridus,Crotalus horridus,Crotalus,Viperidae,Squamata,NA,9.2658,11.949545,7.6323605,0.47518164,-0.43317106,-0.28551492,,-7.0091915,-1.6416388,4.458476
sCrhoAGa1,Pla2g2Ga,+,Crotalus horridus,Crotalus horridus,Crotalus,Viperidae,Squamata,NA,8.888103,12.344086,11.391078,-1.0366105,0.20668565,-0.3582987,,-5.3565874,5.7909636,0.62186784
sCrhoBE,Pla2g2E,-,Crotalus horridus,Crotalus horridus,Crotalus,Viperidae,Squamata,NA,13.971369,12.788625,8.055542,-0.19516873,0.3832498,0.14308292,,4.3802643,-4.934945,-7.339984
sCrhoBGc1,Pla2g2Gc,-,Crotalus horridus,Crotalus horridus,Crotalus,Viperidae,Squamata,NA,9.414507,12.214518,7.6264358,0.6229283,-0.5662085,-0.17050745,,-7.0326204,-2.2543635,4.4890037
sCrhoBD,Pla2g2D1,-,Crotalus horridus,Crotalus horridus,Crotalus,Viperidae,Squamata,NA,9.76628,16.20768,11.246277,-0.0960622,0.32717106,0.27047876,,3.7738051,-2.4973426,-3.1609244
sCrhoBF,Pla2g2F,+,Crotalus horridus,Crotalus horridus,Crotalus,Viperidae,Squamata,NA,4.439228,13.890087,11.086799,-0.562039,-0.29438892,-0.3070247,,-2.5040412,5.945368,-8.996111
sCrhoGa,Pla2g2Ga,-,Crotalus horridus,Crotalus horridus,Crotalus,Viperidae,Squamata,NA,9.393168,12.5529175,10.4151325,-0.49958956,-0.30440995,-0.19496003,,-4.597249,3.230359,2.2919567
sCrhoGc,Pla2g2Gc,+,Crotalus horridus,Crotalus horridus,Crotalus,Viperidae,Squamata,NA,9.262106,12.079336,8.40413,-0.04053601,-0.30218393,-0.4510528,,-7.2790112,-0.46363002,3.3772542
sCrscAE,Pla2g2E,-,Crotalus scutulatus,Crotalus scutulatus,Crotalus,Viperidae,Squamata,NA,14.023718,12.788965,8.398128,-0.17863186,0.33490422,0.0892755,,3.2897587,-4.76726,-7.7397537
sCrscAGb,Pla2g2Gb,-,Crotalus scutulatus,Crotalus scutulatus,Crotalus,Viperidae,Squamata,NA,8.95621,13.694422,9.395043,-0.24304518,-0.46539703,0.07128094,,-2.629633,0.012450626,2.911022
sCrscAGc1,Pla2g2Gc,-,Crotalus scutulatus,Crotalus scutulatus,Crotalus,Viperidae,Squamata,NA,9.525862,12.167259,8.340593,0.2574005,-0.4343929,-0.36080462,,-6.2500134,-1.116599,4.351435
sCrscAGa1,Pla2g2Ga,+,Crotalus scutulatus,Crotalus scutulatus,Crotalus,Viperidae,Squamata,NA,9.249002,12.074965,11.020057,-0.75680715,-0.098185375,-0.18215735,,-4.9812994,5.073611,1.6084847
sCrscAGc2,Pla2g2Gc,-,Crotalus scutulatus,Crotalus scutulatus,Crotalus,Viperidae,Squamata,NA,9.180257,12.271821,7.962807,0.55157965,-0.46337593,-0.2771978,,-6.143489,-2.0815136,4.6765313
sCrscAGa2,Pla2g2Ga,+,Crotalus scutulatus,Crotalus scutulatus,Crotalus,Viperidae,Squamata,NA,9.088576,12.34699,10.665343,-0.5950051,-0.18177854,-0.25281122,,-5.690751,4.6102,2.9864957
sCrscAF,Pla2g2F,+,Crotalus scutulatus,Crotalus scutulatus,Crotalus,Viperidae,Squamata,NA,4.57441,13.204149,11.188143,-0.519049,-0.28190416,-0.38416228,,-3.2531192,6.309443,-8.947992
sCrscBE,Pla2g2E,-,Crotalus scutulatus,Crotalus scutulatus,Crotalus,Viperidae,Squamata,NA,14.12448,12.914489,8.191957,-0.17863186,0.33490422,0.0892755,,3.6363978,-5.28981,-7.42896
sCrscBGb,Pla2g2Gb,-,Crotalus scutulatus,Crotalus scutulatus,Crotalus,Viperidae,Squamata,NA,8.910496,12.657016,8.249582,0.49018928,-0.5930155,-0.33421624,,-4.7866797,-2.0186863,3.4026465
sCrscBGk49,Pla2g2Gk,-,Crotalus scutulatus,Crotalus scutulatus,Crotalus,Viperidae,Squamata,NA,8.4835615,13.291796,10.731883,-0.7751567,-0.49945125,-0.4776218,,-1.4948955,6.0171256,1.196444
sCrscBGc1,Pla2g2Gc,-,Crotalus scutulatus,Crotalus scutulatus,Crotalus,Viperidae,Squamata,NA,,,,,,,,,,
sCrscBGa1,Pla2g2Ga,+,Crotalus scutulatus,Crotalus scutulatus,Crotalus,Viperidae,Squamata,NA,9.237264,12.478606,10.136965,-0.39718765,-0.32779136,-0.14546604,,-5.005246,3.3970747,3.1057315
sCrscBF,Pla2g2F,+,Crotalus scutulatus,Crotalus scutulatus,Crotalus,Viperidae,Squamata,NA,4.413684,13.39511,11.356851,-0.519049,-0.28190416,-0.38416228,,-3.5835888,5.4400396,-8.440793
bCucaC,Pla2g2C,+,Cuculus canorus,Cuculus canorus,Cuculus,Cuculidae,Cuculiformes,NA,9.940288,15.197809,5.759231,0.14427046,0.026418306,0.14687094,,3.1799655,-6.4393325,-0.91959816
bCucaD3,Pla2g2D3,+,Cuculus canorus,Cuculus canorus,Cuculus,Cuculidae,Cuculiformes,NA,,,,,,,,,,
bCucaB,Pla2g2B,+,Cuculus canorus,Cuculus canorus,Cuculus,Cuculidae,Cuculiformes,NA,-6.8435683,11.1391,0.83294773,-1.1860504,2.2456703,0.47673723,,7.161061,11.8694105,-5.758636
mDanoA,Pla2g2A,-,Dasypus novemcinctus,Dasypus novemcinctus,Dasypus,Dasypodidae,Cingulata,NA,9.19185,16.609531,8.91235,-0.010304602,-0.17950766,0.6889591,,3.8758674,-1.6726055,5.36246
mDanoV,Pla2g2V1,+,Dasypus novemcinctus,Dasypus novemcinctus,Dasypus,Dasypodidae,Cingulata,NA,10.110028,14.581379,13.548935,-0.7354444,0.26027417,0.016853916,,3.307201,2.6843793,-5.036511
mDanoD,Pla2g2D1,-,Dasypus novemcinctus,Dasypus novemcinctus,Dasypus,Dasypodidae,Cingulata,NA,6.4214263,17.205023,10.064022,0.26412156,0.27570704,0.16519612,,-4.884815,-3.594557,-3.7912047
mDanoF,Pla2g2F,+,Dasypus novemcinctus,Dasypus novemcinctus,Dasypus,Dasypodidae,Cingulata,NA,6.2720304,11.254699,14.247192,-1.3277111,0.57590365,-0.48525795,,0.06432722,13.383757,-5.6141276
mDanoC,Pla2g2C,-,Dasypus novemcinctus,Dasypus novemcinctus,Dasypus,Dasypodidae,Cingulata,NA,2.1803389,-5.4517746,7.199952,3.0716786,0.6220782,-0.81530946,,-2.778334,-20.059196,6.387171
sDeacF,Pla2g2F,-,Deinagkistrodon acutus,Deinagkistrodon acutus,Deinagkistrodon,Viperidae,Squamata,NA,4.820102,13.538793,11.167912,-0.44528463,-0.24271902,-0.26814014,,-2.7377,4.7891994,-8.1673155
sDeacGa,Pla2g2Ga,-,Deinagkistrodon acutus,Deinagkistrodon acutus,Deinagkistrodon,Viperidae,Squamata,NA,9.535861,12.766738,10.384052,-0.51140404,-0.3216578,-0.14183538,,-4.1677556,3.15859,2.3437042
sDeacGc,Pla2g2Gc,+,Deinagkistrodon acutus,Deinagkistrodon acutus,Deinagkistrodon,Viperidae,Squamata,NA,9.205197,12.301178,8.390766,0.12813716,-0.52373505,-0.2333936,,-6.685842,-0.70124674,4.0182405
sDeacGk49,Pla2g2Gk,+,Deinagkistrodon acutus,Deinagkistrodon acutus,Deinagkistrodon,Viperidae,Squamata,NA,8.363314,13.26497,10.37418,-0.56242454,-0.450589,-0.3047834,,-1.6039797,5.6770096,1.8328769
sDeacGb,Pla2g2Gb,+,Deinagkistrodon acutus,Deinagkistrodon acutus,Deinagkistrodon,Viperidae,Squamata,NA,8.9074,12.924001,8.781029,0.024821134,-0.54262424,-0.19419563,,-4.3199515,-0.67811626,3.2775278
sDeacE,Pla2g2E,+,Deinagkistrodon acutus,Deinagkistrodon acutus,Deinagkistrodon,Viperidae,Squamata,NA,13.945786,12.50543,8.0901375,-0.059238542,0.37214905,0.3115063,,4.8178926,-4.220046,-7.0040445
mEledF,Pla2g2F,-,Elephantulus edwardii,Elephantulus edwardii,Elephantulus,Macroscelididae,Macroscelidea,NA,6.037027,11.929998,14.15978,-1.2216161,0.1413291,-0.4912464,,-2.478671,12.844534,-5.864982
mEledD1,Pla2g2D1,+,Elephantulus edwardii,Elephantulus edwardii,Elephantulus,Macroscelididae,Macroscelidea,NA,,,,,,,,,,
mEledV,Pla2g2V1,-,Elephantulus edwardii,Elephantulus edwardii,Elephantulus,Macroscelididae,Macroscelidea,(no exon 1),9.615248,14.497927,13.394999,-0.6688897,0.04024403,0.028150378,,4.8665643,4.365905,-4.202255
mEledA3,Pla2g2A,+,Elephantulus edwardii,Elephantulus edwardii,Elephantulus,Macroscelididae,Macroscelidea,NA,9.137896,13.495839,11.647705,-0.805926,-0.344516,-0.11307546,,-0.025361883,4.218165,-2.6234124
mEledA2,Pla2g2A,+,Elephantulus edwardii,Elephantulus edwardii,Elephantulus,Macroscelididae,Macroscelidea,NA,9.431939,15.441771,9.346047,-0.32232225,-0.570646,0.45669785,,2.4946609,0.6824036,4.788826
mEledA1,Pla2g2A,+,Elephantulus edwardii,Elephantulus edwardii,Elephantulus,Macroscelididae,Macroscelidea,NA,8.171195,13.380067,11.30604,-0.86982644,-0.49238327,-0.18069592,,0.1672359,7.0409555,0.76257753
mEledE,Pla2g2E,+,Elephantulus edwardii,Elephantulus edwardii,Elephantulus,Macroscelididae,Macroscelidea,NA,10.111121,13.680305,2.1729665,2.0794313,0.19999406,0.5063417,,-3.4685025,-11.81001,6.803103
mEnluC,Pla2g2C,+,Enhydra lutris kenyoni,Enhydra lutris,Enhydra,Mustelidae,Carnivora,NA,2.7546098,-5.311665,6.6967225,2.7177289,0.50972325,-0.8834361,,-2.2612555,-18.478752,7.2564716
mEnluF,Pla2g2F,-,Enhydra lutris kenyoni,Enhydra lutris,Enhydra,Mustelidae,Carnivora,NA,6.47286,11.405148,14.431856,-1.212261,0.1641374,-0.55831534,,-1.8306116,14.229771,-4.7684937
mEnluD1,Pla2g2D1,+,Enhydra lutris kenyoni,Enhydra lutris,Enhydra,Mustelidae,Carnivora,NA,,,,,,,,,,
mEnluV,Pla2g2V1,-,Enhydra lutris kenyoni,Enhydra lutris,Enhydra,Mustelidae,Carnivora,NA,9.959827,14.840604,12.772215,-0.38051793,0.08506232,0.10438007,,3.8885515,2.0275788,-3.986184
mEnluE,Pla2g2E,+,Enhydra lutris kenyoni,Enhydra lutris,Enhydra,Mustelidae,Carnivora,NA,9.45096,13.876428,2.2672331,1.9847641,0.2353612,0.73253024,,-4.3304954,-10.469026,8.104631
mEqcaC,Pla2g2C,+,Equus caballus,Equus caballus,Equus,Equidae,Perissodactyla,NA,2.1006057,-5.3406324,6.6820006,3.0154858,0.5147458,-0.8970702,,-1.6065043,-19.758835,5.8678107
mEqcaF,Pla2g2F,-,Equus caballus,Equus caballus,Equus,Equidae,Perissodactyla,NA,6.1044226,11.884661,14.834926,-1.2509766,0.08378426,-0.4740138,,-2.6680303,15.239212,-4.425986
mEqcaD,Pla2g2D1,+,Equus caballus,Equus caballus,Equus,Equidae,Perissodactyla,NA,6.5118446,16.50594,10.228424,0.20322005,-0.10980393,-0.1279655,,-2.947967,-2.993913,-4.5268927
mEqcaV,Pla2g2V1,-,Equus caballus,Equus caballus,Equus,Equidae,Perissodactyla,NA,9.616253,14.679166,13.669238,-0.61955225,0.08999642,-0.0010507931,,4.1511216,3.5832882,-4.2124987
mEqcaA,Pla2g2A,+,Equus caballus,Equus caballus,Equus,Equidae,Perissodactyla,NA,8.851324,16.633448,8.314025,0.27494776,-0.3756172,0.90003043,,4.1402416,-2.4889076,4.5158257
mEqcaE,Pla2g2E,+,Equus caballus,Equus caballus,Equus,Equidae,Perissodactyla,NA,9.626498,12.958414,1.5189215,2.6187224,0.3006969,0.62776995,,-4.115261,-12.750815,8.542037
mEreuC,Pla2g2C,+,Erinaceus europaeus,Erinaceus europaeus,Erinaceus,Erinaceidae,Eulipotyphla,NA,2.904912,-5.0725555,6.7527685,2.611913,0.8365703,-0.78255,,-1.245074,-18.598684,5.3191457
mEreuF,Pla2g2F,-,Erinaceus europaeus,Erinaceus europaeus,Erinaceus,Erinaceidae,Eulipotyphla,(no exon F2 gaps),6.157851,11.217852,14.020375,-1.331646,0.39425805,-0.58840644,,-0.75949347,14.447306,-5.8675146
mEreuD1,Pla2g2D1,+,Erinaceus europaeus,Erinaceus europaeus,Erinaceus,Erinaceidae,Eulipotyphla,NA,,,,,,,,,,
mEreuV,Pla2g2V1,-,Erinaceus europaeus,Erinaceus europaeus,Erinaceus,Erinaceidae,Eulipotyphla,NA,10.132973,14.792362,13.522948,-0.65705615,0.39243042,0.06702643,,4.371768,2.3797867,-4.9362645
mEreuA15,Pla2g2A,+,Erinaceus europaeus,Erinaceus europaeus,Erinaceus,Erinaceidae,Eulipotyphla,(no exon 1),6.9915485,12.176306,13.075436,-1.5934229,0.27794418,-0.39459366,,-1.3891065,10.542242,-3.1827183
mEreuA14,Pla2g2A,+,Erinaceus europaeus,Erinaceus europaeus,Erinaceus,Erinaceidae,Eulipotyphla,NA,8.326322,13.940197,12.326501,-0.8954236,-0.17289168,-0.20076674,,0.12262731,5.6038756,-1.909283
mEreuA13,Pla2g2A,+,Erinaceus europaeus,Erinaceus europaeus,Erinaceus,Erinaceidae,Eulipotyphla,NA,8.307894,14.200681,11.703037,-0.62521094,-0.29814965,-0.17993225,,0.023408428,5.5247235,-1.750793
mEreuA12,Pla2g2A,+,Erinaceus europaeus,Erinaceus europaeus,Erinaceus,Erinaceidae,Eulipotyphla,NA,8.102148,12.741769,12.54231,-1.3096883,0.2013,0.023924965,,0.52943707,9.623593,-0.9295434
mEreuA11,Pla2g2A,+,Erinaceus europaeus,Erinaceus europaeus,Erinaceus,Erinaceidae,Eulipotyphla,NA,8.084371,12.764711,12.608528,-1.3073853,0.1408241,0.0032697383,,0.47042322,9.576812,-0.90884346
mEreuA10,Pla2g2A,+,Erinaceus europaeus,Erinaceus europaeus,Erinaceus,Erinaceidae,Eulipotyphla,NA,7.846092,12.598246,12.701438,-1.360795,0.08200002,-0.13866661,,0.38073227,9.632164,-0.92611897
mEreuA9,Pla2g2A,+,Erinaceus europaeus,Erinaceus europaeus,Erinaceus,Erinaceidae,Eulipotyphla,NA,8.032649,13.047795,12.493334,-1.2059491,0.10332696,0.027308466,,0.556844,9.366937,-0.76234514
mEreuA8,Pla2g2A,+,Erinaceus europaeus,Erinaceus europaeus,Erinaceus,Erinaceidae,Eulipotyphla,NA,7.5890937,12.820929,12.495607,-1.5655499,-0.14036524,-0.36106426,,-0.9952498,9.21339,-0.97872615
mEreuA7,Pla2g2A,+,Erinaceus europaeus,Erinaceus europaeus,Erinaceus,Erinaceidae,Eulipotyphla,NA,7.8315187,12.909287,12.355826,-1.447281,-0.23824723,-0.21454994,,-0.792038,9.040247,-0.7986375
mEreuA6,Pla2g2A,-,Erinaceus europaeus,Erinaceus europaeus,Erinaceus,Erinaceidae,Eulipotyphla,(no exon 1),7.0790653,12.550802,12.845875,-1.7623591,0.05452159,-0.50915694,,-2.0435326,9.760497,-2.513313
mEreuA5,Pla2g2A,-,Erinaceus europaeus,Erinaceus europaeus,Erinaceus,Erinaceidae,Eulipotyphla,NA,6.924348,12.413889,13.063469,-1.7514657,0.04647197,-0.59755486,,-2.1179953,9.723179,-2.5146406
mEreuA3,Pla2g2A,+,Erinaceus europaeus,Erinaceus europaeus,Erinaceus,Erinaceidae,Eulipotyphla,NA,8.049264,13.088175,12.071455,-1.0577369,-0.32923865,-0.13133302,,0.32933024,8.011476,0.043605164
mEreuA2,Pla2g2A,+,Erinaceus europaeus,Erinaceus europaeus,Erinaceus,Erinaceidae,Eulipotyphla,NA,9.251292,15.70499,10.481351,-0.25819987,0.096915595,0.39158964,,2.8812647,-1.0343167,0.7657897
mEreuA1,Pla2g2A,+,Erinaceus europaeus,Erinaceus europaeus,Erinaceus,Erinaceidae,Eulipotyphla,NA,9.4687,15.298202,9.519985,-0.30118823,-0.43427053,0.33417284,,2.0537205,0.20995241,4.800275
mEreuE,Pla2g2E,+,Erinaceus europaeus,Erinaceus europaeus,Erinaceus,Erinaceidae,Eulipotyphla,NA,9.42352,13.8741455,2.769457,1.7638035,0.30567876,0.44358018,,-2.085153,-10.840752,7.185841
mFecaE,Pla2g2E,-,Felis catus,Felis catus,Felis,Felidae,Carnivora,NA,9.2398205,13.691167,1.8225707,2.240581,0.4463949,0.61518866,,-3.8556907,-11.758639,8.222718
mFecaV,Pla2g2V1,+,Felis catus,Felis catus,Felis,Felidae,Carnivora,NA,9.349402,14.736479,13.533318,-0.6839859,0.054149237,0.052033577,,4.4654775,3.898042,-3.6544538
mFecaD,Pla2g2D1,-,Felis catus,Felis catus,Felis,Felidae,Carnivora,NA,6.525337,16.744043,10.388285,0.2538001,0.0014648642,-0.04027991,,-4.111378,-2.989728,-4.595739
mFecaF,Pla2g2F,+,Felis catus,Felis catus,Felis,Felidae,Carnivora,NA,6.4007382,12.194636,14.700095,-1.1496416,0.029900683,-0.5656476,,-2.778921,14.299611,-4.150887
bGagaE,Pla2g2E,-,Gallus gallus,Gallus gallus,Gallus,Phasianidae,Galliformes,NA,8.360197,15.903112,7.5147657,0.61742866,-0.38553596,0.7568515,,1.3446103,-5.010478,5.983177
bGagaB,Pla2g2B,-,Gallus gallus,Gallus gallus,Gallus,Phasianidae,Galliformes,NA,-7.1137943,10.983688,0.55756456,-1.1869209,2.7542818,0.52389115,,7.9753227,12.456701,-5.488323
bGagaD,Pla2g2D3,-,Gallus gallus,Gallus gallus,Gallus,Phasianidae,Galliformes,NA,9.859487,17.15806,12.179577,-0.16930881,-0.018249433,0.69174844,,7.288028,-2.20632,-0.7613228
bGagaC,Pla2g2C,-,Gallus gallus,Gallus gallus,Gallus,Phasianidae,Galliformes,NA,10.118868,15.256704,5.4861407,0.46706903,0.37688154,0.381783,,3.3928537,-8.445679,-1.4426951
cGavganC,Pla2g2C,+,Gavialis gangeticus,Gavialis gangeticus,Gavialis,Gavialidae,Crocodylia,NA,9.618895,16.249468,8.914532,-0.043544926,-0.2614003,0.6777208,,4.6925507,0.12159268,6.767053
cGavganD3,Pla2g2D3,+,Gavialis gangeticus,Gavialis gangeticus,Gavialis,Gavialidae,Crocodylia,(no exon 1),8.945715,15.732599,12.222144,-0.336767,-0.48545468,-0.046767365,,6.8382196,3.4497101,-0.16571419
cGavganD1,Pla2g2D1,+,Gavialis gangeticus,Gavialis gangeticus,Gavialis,Gavialidae,Crocodylia,(no exon 1),7.094817,14.780708,11.18117,-0.43521398,-0.2327842,-0.39143765,,-3.1290588,3.2392838,-2.3732936
cGavganE,Pla2g2E,+,Gavialis gangeticus,Gavialis gangeticus,Gavialis,Gavialidae,Crocodylia,NA,8.441644,12.822666,9.76018,-0.4444128,-0.37250105,-0.3682348,,-5.6473575,2.9814706,6.4354467
cGoagF,Pla2g2F,-,Gopherus agassizii,Gopherus agassizii,Gopherus,Testudinidae,Testudines,(no exon 1),7.984821,14.684166,9.0200815,0.06642449,-0.46696463,-0.027984392,,-0.8271071,-2.528347,0.9351367
cGoagD3,Pla2g2D3,+,Gopherus agassizii,Gopherus agassizii,Gopherus,Testudinidae,Testudines,(no exon 1),9.0998955,15.302063,11.233649,-0.39071125,-0.27655628,0.096915945,,0.50899935,0.29590112,-0.81636286
cGoagD2,Pla2g2D2,+,Gopherus agassizii,Gopherus agassizii,Gopherus,Testudinidae,Testudines,(no exon 1),8.3345995,15.772558,8.354765,0.41352084,-0.33162186,0.46556422,,-0.9614841,-3.7903457,4.9708724
cGoagD1,Pla2g2D1,+,Gopherus agassizii,Gopherus agassizii,Gopherus,Testudinidae,Testudines,(no exon 1),6.8083167,15.696768,9.241909,0.5045429,-0.26641524,-0.066770494,,-4.3287187,-4.940066,-0.23651172
cGoagE,Pla2g2E,+,Gopherus agassizii,Gopherus agassizii,Gopherus,Testudinidae,Testudines,NA,8.268288,14.86872,8.277872,0.30651554,-0.5125873,0.19400506,,-0.6089673,-4.730856,3.113253
bHaleB,Pla2g2B,-,Haliaeetus leucocephalus,Haliaeetus leucocephalus,Haliaeetus,Accipitridae,Accipitriformes,NA,-6.960793,10.855975,0.94538313,-1.4096149,2.1561973,0.40457726,,6.800977,11.3732195,-5.3140755
bHaleD,Pla2g2D3,-,Haliaeetus leucocephalus,Haliaeetus leucocephalus,Haliaeetus,Accipitridae,Accipitriformes,NA,9.749086,16.608065,12.531098,-0.11647044,-0.08092251,0.44358718,,6.8764567,-0.9050102,-0.7043515
bHaleC,Pla2g2C,-,Haliaeetus leucocephalus,Haliaeetus leucocephalus,Haliaeetus,Accipitridae,Accipitriformes,NA,9.926081,14.498547,5.668738,0.32477206,0.103648044,0.13419813,,1.8838987,-7.472486,-1.2081248
mHeglE,Pla2g2E,-,Heterocephalus glaber,Heterocephalus glaber,Heterocephalus,Bathyergidae,Rodentia,NA,9.400397,13.98389,2.9407825,1.2710633,0.16184206,0.35458672,,-1.8786442,-9.399772,6.8736424
mHeglA1,Pla2g2A,-,Heterocephalus glaber,Heterocephalus glaber,Heterocephalus,Bathyergidae,Rodentia,NA,8.334628,14.4336605,12.29622,-0.6912642,-0.15607092,0.048137724,,1.7507336,3.777205,-1.4037371
mHeglA2,Pla2g2A,-,Heterocephalus glaber,Heterocephalus glaber,Heterocephalus,Bathyergidae,Rodentia,NA,9.734079,15.955995,9.113836,-0.10348666,-0.48781025,0.53381354,,2.4974098,-0.3613962,5.6370635
mHeglA3,Pla2g2A,-,Heterocephalus glaber,Heterocephalus glaber,Heterocephalus,Bathyergidae,Rodentia,NA,9.69847,16.252283,8.808448,-0.25350606,-0.23712365,0.7645606,,3.3236206,-0.8846992,6.1895337
mHeglV,Pla2g2V,+,Heterocephalus glaber,Heterocephalus glaber,Heterocephalus,Bathyergidae,Rodentia,NA,9.434176,13.964029,12.949383,-0.78177655,-0.16320649,-0.026461635,,2.5157416,4.2435594,-4.733422
mHeglD,Pla2g2D1,-,Heterocephalus glaber,Heterocephalus glaber,Heterocephalus,Bathyergidae,Rodentia,NA,7.143195,15.673604,10.995669,-0.36458308,-0.035683554,0.028495876,,-2.1754897,0.6918136,-4.465549
mHeglF,Pla2g2F,+,Heterocephalus glaber,Heterocephalus glaber,Heterocephalus,Bathyergidae,Rodentia,NA,6.3557653,11.752194,13.673387,-1.3627361,0.23310553,-0.5765823,,-1.2489468,12.437721,-5.205773
mHosaE,Pla2g2E,-,Homo sapiens,Homo sapiens,Homo,Hominidae,Primates,NA,9.411398,13.182043,1.5000231,2.8113759,0.18024138,0.5625841,,-3.2571263,-13.248108,8.436047
mHosaA,Pla2g2A,-,Homo sapiens,Homo sapiens,Homo,Hominidae,Primates,NA,8.866037,16.492525,8.527789,0.29491517,-0.30085593,0.91019785,,4.0650578,-2.8331237,5.2795167
mHosaV,Pla2g2V1,+,Homo sapiens,Homo sapiens,Homo,Hominidae,Primates,NA,9.075971,14.2839575,12.995689,-0.7646741,-0.093286425,0.045864172,,3.2017062,4.01808,-3.2736504
mHosaD,Pla2g2D1,-,Homo sapiens,Homo sapiens,Homo,Hominidae,Primates,NA,6.5483174,16.759335,9.944112,0.3817769,-0.12147226,0.025810277,,-3.6613848,-3.4556222,-3.7224305
mHosaF,Pla2g2F,+,Homo sapiens,Homo sapiens,Homo,Hominidae,Primates,NA,6.210163,11.344723,14.351357,-1.135934,0.2705207,-0.5310605,,-0.50467277,14.41368,-4.4827504
sLabiE,Pla2g2E,-,Lacerta bilineata,Lacerta bilineata,Lacerta,Lacertidae,Squamata,NA,8.242992,14.609158,8.009058,0.38603032,-0.29409063,0.13100606,,-1.2859584,-5.668277,2.0082874
sLabiGo,Pla2g2G0,-,Lacerta bilineata,Lacerta bilineata,Lacerta,Lacertidae,Squamata,NA,9.01812,12.280906,7.9684153,0.7129321,-0.5611338,-0.3691727,,-6.3072968,-3.0801938,5.4522038
sLabiD,Pla2g2D1,-,Lacerta bilineata,Lacerta bilineata,Lacerta,Lacertidae,Squamata,NA,6.479177,13.948088,11.770381,-0.6061788,-0.0048643085,-0.5038422,,-3.3389754,5.2408915,-4.132616
sLabiF,Pla2g2F,+,Lacerta bilineata,Lacerta bilineata,Lacerta,Lacertidae,Squamata,NA,4.371689,14.019286,11.1754465,-0.5193979,-0.4674594,0.07893118,,-1.0997828,6.649611,-9.570347
sLaviF,Pla2g2F,-,Lacerta viridis,Lacerta viridis,Lacerta,Lacertidae,Squamata,NA,4.456133,14.098609,11.429933,-0.5193979,-0.4674594,0.07893118,,-1.0997916,6.6496215,-9.570328
sLaviD,Pla2g2D1,+,Lacerta viridis,Lacerta viridis,Lacerta,Lacertidae,Squamata,NA,6.6952376,14.148237,11.631923,-0.52163917,-0.028946377,-0.47430485,,-3.3456342,5.220142,-4.1211843
sLaviGo,Pla2g2G0,+,Lacerta viridis,Lacerta viridis,Lacerta,Lacertidae,Squamata,NA,8.819016,12.4819975,7.7887673,0.8200257,-0.5157704,-0.37089548,,-6.3134117,-3.204124,5.418971
sLaviE,Pla2g2E,+,Lacerta viridis,Lacerta viridis,Lacerta,Lacertidae,Squamata,NA,8.129488,14.699085,7.9842005,0.38603032,-0.29409063,0.13100606,,-1.2859584,-5.6682944,2.0083346
mLoafC,Pla2g2C,+,Loxodonta africana,Loxodonta africana,Loxodonta,Elephantidae,Proboscidea,NA,2.3130124,-5.4440646,7.2256746,3.1479423,0.44693753,-0.9350992,,-2.547999,-20.54842,7.089696
mLoafF,Pla2g2F,-,Loxodonta africana,Loxodonta africana,Loxodonta,Elephantidae,Proboscidea,(no exons F gap),6.516463,11.517507,14.369489,-1.2890185,0.26481825,-0.55108047,,-1.6667653,13.779394,-5.835129
mLoafD,Pla2g2D1,+,Loxodonta africana,Loxodonta africana,Loxodonta,Elephantidae,Proboscidea,NA,6.556229,16.22957,10.429642,-0.07649543,0.07254254,-0.1964391,,-3.540142,-2.2144704,-5.505776
mLoafV,Pla2g2V1,-,Loxodonta africana,Loxodonta africana,Loxodonta,Elephantidae,Proboscidea,NA,9.094255,13.795484,13.184566,-0.8725413,-0.13969712,-0.018251771,,2.7303872,5.71813,-3.8131263
mLoafA2,Pla2g2A,+,Loxodonta africana,Loxodonta africana,Loxodonta,Elephantidae,Proboscidea,NA,9.340062,16.514797,9.032465,-0.12439119,-0.43725717,0.74634093,,3.4336276,-1.3390123,4.973533
mLoafA1,Pla2g2A,+,Loxodonta africana,Loxodonta africana,Loxodonta,Elephantidae,Proboscidea,NA,9.154488,16.211424,8.980673,0.027126864,-0.40972894,0.5615347,,2.402917,-1.5651453,4.790909
mLoafE,Pla2g2E,+,Loxodonta africana,Loxodonta africana,Loxodonta,Elephantidae,Proboscidea,NA,9.888735,13.634571,2.445725,1.9186858,0.1318832,0.43123922,,-2.8246183,-11.374501,6.6673193
mMamaF,Pla2g2F,-,Marmota marmota marmota,Marmota marmota,Marmota,Sciuridae,Rodentia,NA,6.8331404,11.590868,13.675308,-1.3010134,0.26304075,-0.5343772,,-1.4304541,12.596519,-4.0368943
mMamaD,Pla2g2D1,+,Marmota marmota marmota,Marmota marmota,Marmota,Sciuridae,Rodentia,NA,7.396725,16.764206,10.8804655,-0.13636772,-0.11439345,0.01115792,,-3.1236863,-0.89916766,-4.1237974
mMamaV,Pla2g2V1,-,Marmota marmota marmota,Marmota marmota,Marmota,Sciuridae,Rodentia,NA,8.91704,14.3603325,13.4794,-0.8007262,-0.029763294,0.0070728725,,3.6269186,5.072335,-3.9616632
mMamaA1,Pla2g2A,+,Marmota marmota marmota,Marmota marmota,Marmota,Sciuridae,Rodentia,NA,9.46091,16.048964,9.0434265,-0.22283341,-0.48050413,0.6656946,,2.8503528,-1.0210793,5.9378104
mMamaE,Pla2g2E,+,Marmota marmota marmota,Marmota marmota,Marmota,Sciuridae,Rodentia,(no exon 1),9.800258,13.415144,2.012627,2.2365615,0.12451262,0.67333204,,-2.5455923,-12.044926,8.421015
mMimiE,Pla2g2E,-,Microcebus murinus,Microcebus murinus,Microcebus,Cheirogaleidae,Primates,NA,,,,,,,,,,
mMimiA,Pla2g2A,-,Microcebus murinus,Microcebus murinus,Microcebus,Cheirogaleidae,Primates,NA,,,,,,,,,,
mMimiV,Pla2g2V1,+,Microcebus murinus,Microcebus murinus,Microcebus,Cheirogaleidae,Primates,NA,,,,,,,,,,
mMimiD,Pla2g2D1,-,Microcebus murinus,Microcebus murinus,Microcebus,Cheirogaleidae,Primates,NA,,,,,,,,,,
mMimiF,Pla2g2F,+,Microcebus murinus,Microcebus murinus,Microcebus,Cheirogaleidae,Primates,(no exon F2),,,,,,,,,,
mMimiC,Pla2g2C,-,Microcebus murinus,Microcebus murinus,Microcebus,Cheirogaleidae,Primates,(no exon 1),,,,,,,,,,
mModoC,Pla2g2C,+,Monodelphis domestica,Monodelphis domestica,Monodelphis,Didelphidae,Didelphimorphia,NA,2.5137556,-4.926799,6.2566266,2.0329838,0.06301996,-0.5451487,,-2.7072673,-16.794907,6.266065
mModoF,Pla2g2F,-,Monodelphis domestica,Monodelphis domestica,Monodelphis,Didelphidae,Didelphimorphia,NA,6.171308,12.339986,14.127263,-1.1947325,-0.095558435,-0.6754462,,-4.0773253,12.809238,-4.01224
mModoD,Pla2g2D1,+,Monodelphis domestica,Monodelphis domestica,Monodelphis,Didelphidae,Didelphimorphia,NA,7.3161263,15.999131,10.810728,-0.34526572,-0.348942,-0.15694328,,-0.8133006,-1.1189061,-3.3723032
mModoV2,Pla2g2V2,+,Monodelphis domestica,Monodelphis domestica,Monodelphis,Didelphidae,Didelphimorphia,(no exon 1),8.429655,13.343621,11.489708,-0.93836075,-0.35307539,-0.56949115,,-1.632938,6.1021395,-0.08962346
mModoV1,Pla2g2V2,+,Monodelphis domestica,Monodelphis domestica,Monodelphis,Didelphidae,Didelphimorphia,NA,9.638895,15.573775,8.630064,-0.1601154,-0.6762521,0.4785631,,0.9374245,-0.8496228,7.1774344
mModoE,Pla2g2E,+,Monodelphis domestica,Monodelphis domestica,Monodelphis,Didelphidae,Didelphimorphia,NA,9.142399,13.799782,3.8340263,1.091542,-0.24085057,0.19182758,,-2.5245204,-7.9613132,5.732512
mMumuC,Pla2g2C,+,Mus musculus,Mus musculus,Mus,Muridae,Rodentia,NA,2.0111344,-5.92529,6.981082,3.355869,0.20815018,-0.8264911,,-0.9526853,-21.104565,6.434678
mMumuF,Pla2g2F,-,Mus musculus,Mus musculus,Mus,Muridae,Rodentia,NA,6.4523425,11.893062,13.455152,-1.5317806,0.1310776,-0.5785866,,-2.0362155,11.737686,-4.6172166
mMumuD1,Pla2g2D1,+,Mus musculus,Mus musculus,Mus,Muridae,Rodentia,NA,,,,,,,,,,
mMumuV1,Pla2g2V1,-,Mus musculus,Mus musculus,Mus,Muridae,Rodentia,NA,,,,,,,,,,
mMumuA,Pla2g2A,+,Mus musculus,Mus musculus,Mus,Muridae,Rodentia,NA,9.681363,15.644111,9.238126,-0.2750527,-0.34017766,0.38366348,,1.5823655,0.51988274,5.350363
mMumuE,Pla2g2E,+,Mus musculus,Mus musculus,Mus,Muridae,Rodentia,NA,10.0137615,13.454313,2.2759073,2.1569457,0.04392799,0.471905,,-2.7891407,-11.727506,7.7121234
mMupuC,Pla2g2C,+,Mustela putorius furo,Mustela putorius,Mustela,Mustelidae,Carnivora,NA,2.653586,-5.4644027,6.8622494,2.8695934,0.5087174,-0.93953574,,-1.9445859,-18.906618,7.7705736
mMupuF,Pla2g2F,-,Mustela putorius furo,Mustela putorius,Mustela,Mustelidae,Carnivora,NA,6.3685756,11.903209,14.592002,-1.1426389,0.17274083,-0.5215621,,-1.6774234,14.292867,-4.22446
mMupuD,Pla2g2D1,+,Mustela putorius furo,Mustela putorius,Mustela,Mustelidae,Carnivora,NA,6.7243776,16.94383,10.331621,0.08217475,-0.06456166,-0.22170748,,-4.7762504,-1.6215508,-4.34097
mMupuV,Pla2g2V1,-,Mustela putorius furo,Mustela putorius,Mustela,Mustelidae,Carnivora,NA,9.547247,14.275102,12.709575,-0.70035243,-0.12040241,0.024039634,,2.4429734,3.3101406,-3.8868487
mMupuE,Pla2g2E,+,Mustela putorius furo,Mustela putorius,Mustela,Mustelidae,Carnivora,NA,9.39092,13.414671,2.4232728,1.9251336,0.19933681,0.67402494,,-3.6162505,-10.120565,8.037455
mMyluE,Pla2g2E,-,Myotis lucifugus,Myotis lucifugus,Myotis,Vespertilionidae,Chiroptera,NA,9.553383,13.758782,2.9815152,1.50346,0.020196166,0.44288433,,-2.9366837,-9.5796795,6.623892
mMyluA1,Pla2g2A,-,Myotis lucifugus,Myotis lucifugus,Myotis,Vespertilionidae,Chiroptera,NA,8.588396,14.539328,10.742028,-0.38277793,-0.22903058,0.10582436,,1.3418083,2.7469225,2.831093
mMyluA2,Pla2g2A,-,Myotis lucifugus,Myotis lucifugus,Myotis,Vespertilionidae,Chiroptera,NA,9.063152,14.443095,10.9933405,-0.42369604,-0.16032228,0.1370687,,1.3601327,3.114816,3.0395756
mMyluA4,Pla2g2A,-,Myotis lucifugus,Myotis lucifugus,Myotis,Vespertilionidae,Chiroptera,NA,9.235743,16.362934,8.573897,-0.035739813,-0.3476141,0.721915,,3.0674753,-2.0358665,5.41999
mMyluV,Pla2g2V1,+,Myotis lucifugus,Myotis lucifugus,Myotis,Vespertilionidae,Chiroptera,NA,9.358893,14.144491,12.629828,-0.6958906,-0.27070832,-0.10680131,,2.0955582,4.5242314,-3.7778301
mMyluD,Pla2g2D1,-,Myotis lucifugus,Myotis lucifugus,Myotis,Vespertilionidae,Chiroptera,NA,6.982488,16.45685,10.863422,-0.1331857,0.0966669,0.022962043,,-3.254759,-1.1171691,-5.1452637
mMyluF,Pla2g2F,+,Myotis lucifugus,Myotis lucifugus,Myotis,Vespertilionidae,Chiroptera,NA,6.699242,12.194943,14.206968,-1.1494728,0.0503248,-0.42027062,,-2.415456,13.145667,-3.0922308
mMyluC,Pla2g2C,-,Myotis lucifugus,Myotis lucifugus,Myotis,Vespertilionidae,Chiroptera,NA,2.086398,-5.7942777,6.858058,3.255224,0.42782247,-0.9191367,,-1.4355887,-20.30332,6.9565153
bNaauB,Pla2g2B,-,Nannopterum,NA,Nannopterum,Phalacrocoracidae,Pelecaniformes,NA,-6.964404,10.808118,0.75038856,-1.3504409,2.1912124,0.52310747,,6.139701,11.798419,-5.024731
bNaauD,Pla2g2D3,-,Nannopterum,NA,Nannopterum,Phalacrocoracidae,Pelecaniformes,NA,9.107741,16.277077,12.403157,-0.49827546,-0.27319136,0.25164208,,7.110815,0.55828786,0.48804045
bNaauC,Pla2g2C,-,Nannopterum,NA,Nannopterum,Phalacrocoracidae,Pelecaniformes,NA,9.771609,14.93397,5.4116354,0.3611993,0.1349806,0.24908249,,2.1305196,-8.122404,-0.95407957
mNescE,Pla2g2E,-,Neomonachus schauinslandi,Neomonachus schauinslandi,Neomonachus,Phocidae,Carnivora,NA,9.489623,13.682913,1.6740215,2.3490148,0.46221656,0.66322297,,-4.592638,-11.589152,8.592978
mNescV,Pla2g2V1,+,Neomonachus schauinslandi,Neomonachus schauinslandi,Neomonachus,Phocidae,Carnivora,NA,9.745646,15.092157,12.765084,-0.34451234,0.019224448,0.2192746,,4.3811817,2.562292,-3.2932239
mNescD,Pla2g2D1,-,Neomonachus schauinslandi,Neomonachus schauinslandi,Neomonachus,Phocidae,Carnivora,NA,7.0804844,16.865086,10.557829,-0.10921989,-0.19893241,-0.1184461,,-3.7860544,-1.6394196,-3.879578
mNescF,Pla2g2F,+,Neomonachus schauinslandi,Neomonachus schauinslandi,Neomonachus,Phocidae,Carnivora,NA,6.330364,11.3974695,14.309203,-1.2702141,0.28153148,-0.5669753,,-1.2307547,13.621513,-4.8357506
sNoscF,Pla2g2F,-,Notechis scutatus,Notechis scutatus,Notechis,Elapidae,Squamata,NA,4.905611,13.813881,11.755147,-0.75899386,-0.285235,-0.34407148,,-2.7522335,6.4955406,-8.007994
sNoscD,Pla2g2D1,+,Notechis scutatus,Notechis scutatus,Notechis,Elapidae,Squamata,NA,10.049189,16.019348,11.72527,-0.21957581,0.34779432,0.23768699,,4.1551094,-1.6916559,-3.5578353
sNoscGc,Pla2g2Gc,+,Notechis scutatus,Notechis scutatus,Notechis,Elapidae,Squamata,NA,8.872857,12.100699,7.6081257,1.0668603,-0.3895295,-0.47886878,,-6.2989774,-3.6273189,4.2123737
sNoscE,Pla2g2E,+,Notechis scutatus,Notechis scutatus,Notechis,Elapidae,Squamata,NA,13.411471,12.82595,8.563942,-0.1216696,0.27440903,0.0016378564,,2.680584,-4.2666817,-6.5833864
mOcprC,Pla2g2C,+,Ochotona princeps,Ochotona princeps,Ochotona,Ochotonidae,Lagomorpha,NA,2.7338614,-4.9764433,6.6291614,2.450314,0.41489163,-0.8721304,,-2.3516421,-18.413744,5.8164105
mOcprF,Pla2g2F,-,Ochotona princeps,Ochotona princeps,Ochotona,Ochotonidae,Lagomorpha,NA,6.455024,11.599229,13.975597,-1.3621707,0.32679498,-0.4965071,,-0.34588897,12.972092,-4.5017657
mOcprD,Pla2g2D1,+,Ochotona princeps,Ochotona princeps,Ochotona,Ochotonidae,Lagomorpha,NA,7.3075213,16.93661,10.698873,-0.11401719,-0.16682859,-0.07771763,,-2.679973,-1.7498639,-3.8353553
mOcprV,Pla2g2V1,-,Ochotona princeps,Ochotona princeps,Ochotona,Ochotonidae,Lagomorpha,NA,9.546359,14.235692,13.672615,-0.78810304,0.016236112,0.10701081,,4.3305435,5.0433455,-4.628184
mOcprA3,Pla2g2A,+,Ochotona princeps,Ochotona princeps,Ochotona,Ochotonidae,Lagomorpha,NA,9.337714,14.168046,10.628517,-0.47239816,-0.47530013,0.0026498502,,-0.32046852,2.2445238,4.435376
mOcprA2,Pla2g2A,+,Ochotona princeps,Ochotona princeps,Ochotona,Ochotonidae,Lagomorpha,NA,9.222211,16.762882,8.710162,-0.015362308,-0.12733626,1.0482864,,4.765505,-2.2761075,5.386767
mOcprA1,Pla2g2A,+,Ochotona princeps,Ochotona princeps,Ochotona,Ochotonidae,Lagomorpha,NA,8.630029,14.677993,9.694448,-0.1752992,-0.58527434,0.13847853,,-0.24332653,-0.15746137,1.9583918
mOcprE,Pla2g2E,+,Ochotona princeps,Ochotona princeps,Ochotona,Ochotonidae,Lagomorpha,NA,9.594987,13.727079,1.9035646,2.3072796,0.32212228,0.6165157,,-3.5584676,-12.51338,7.5645075
mOdviC,Pla2g2C,+,Odocoileus virginianus texanus,Odocoileus virginianus,Odocoileus,Cervidae,Artiodactyla,NA,2.3397546,-5.9911222,6.5986223,3.205199,0.42181027,-0.9001324,,-0.48594645,-20.029596,7.122513
mOdviF,Pla2g2F,-,Odocoileus virginianus texanus,Odocoileus virginianus,Odocoileus,Cervidae,Artiodactyla,NA,7.466484,12.059012,14.642641,-0.9794908,-0.0034575895,-0.40978354,,-1.2346879,14.707842,-2.3381026
mOdviD,Pla2g2D1,+,Odocoileus virginianus texanus,Odocoileus virginianus,Odocoileus,Cervidae,Artiodactyla,NA,6.843466,16.210648,11.431451,-0.3303233,-0.01701733,-0.20014217,,-0.5590555,-1.7324104,-6.217357
mOdviV,Pla2g2V1,-,Odocoileus virginianus texanus,Odocoileus virginianus,Odocoileus,Cervidae,Artiodactyla,NA,9.991432,14.450168,13.28259,-0.7844527,0.066962235,-0.2004017,,4.0284443,3.9694464,-5.8879356
mOdviA3,Pla2g2A,+,Odocoileus virginianus texanus,Odocoileus virginianus,Odocoileus,Cervidae,Artiodactyla,NA,8.52826,15.983791,10.037226,-0.051908415,-0.03867198,0.29305157,,2.7688785,-1.0813363,2.2695086
mOdviA2,Pla2g2A,+,Odocoileus virginianus texanus,Odocoileus virginianus,Odocoileus,Cervidae,Artiodactyla,NA,8.618298,15.015828,10.107005,-0.15724276,-0.40962043,0.34523895,,1.1037374,0.58640695,2.0527666
mOdviA1,Pla2g2A,+,Odocoileus virginianus texanus,Odocoileus virginianus,Odocoileus,Cervidae,Artiodactyla,NA,8.521158,14.741636,11.257436,-0.6242593,-0.28337744,0.18044816,,1.9576929,3.0262268,0.15601993
mOdviE,Pla2g2E,+,Odocoileus virginianus texanus,Odocoileus virginianus,Odocoileus,Cervidae,Artiodactyla,NA,9.662976,13.406151,1.6687033,2.215036,0.29872537,0.72336894,,-3.7092323,-11.403085,9.261951
sOphaE,Pla2g2E,-,Ophiophagus hannah,Ophiophagus hannah,Ophiophagus,Elapidae,Squamata,NA,13.375301,12.863616,8.521105,0.06495703,0.3353225,0.0065543246,,2.4488778,-4.85518,-6.773604
sOphaGc,Pla2g2Gc,-,Ophiophagus hannah,Ophiophagus hannah,Ophiophagus,Elapidae,Squamata,NA,9.181301,11.941019,8.014926,0.35689285,-0.3962436,-0.29752332,,-6.656311,-1.4971421,3.133187
sOphaD,Pla2g2D1,-,Ophiophagus hannah,Ophiophagus hannah,Ophiophagus,Elapidae,Squamata,NA,9.8227,16.120834,11.378381,-0.19384634,-0.061901983,0.17731136,,3.7394981,-1.4775194,-2.4210649
sOphaF,Pla2g2F,+,Ophiophagus hannah,Ophiophagus hannah,Ophiophagus,Elapidae,Squamata,NA,5.2646103,13.544394,11.545422,-0.7841254,-0.284678,-0.29509202,,-2.3560786,5.8006225,-7.500683
sOpgrF,Pla2g2F,-,Dopasia gracilis,Dopasia gracilis,Dopasia,Anguidae,Squamata,(no exon 1),6.320306,12.806599,12.888359,-1.2008402,0.019445457,-0.57797337,,-2.312223,8.723917,-5.238227
sOpgrDb,Pla2g2D1,+,Dopasia gracilis,Dopasia gracilis,Dopasia,Anguidae,Squamata,NA,8.597855,13.939038,12.177316,-0.83213687,-0.15227479,-0.03704669,,2.5644913,5.852074,-1.0202972
sOpgrG0,Pla2g2G0,+,Dopasia gracilis,Dopasia gracilis,Dopasia,Anguidae,Squamata,NA,,,,,,,,,,
mOpgrE,Pla2g2E,-,Dopasia gracilis,Dopasia gracilis,Dopasia,Anguidae,Squamata,NA,,,,,,,,,,
bOphoC,Pla2g2C,+,Opisthocomus hoazin,Opisthocomus hoazin,Opisthocomus,Opisthocomidae,Opisthocomiformes,NA,9.897059,15.167974,6.1813912,0.12620194,-0.16506201,0.023550993,,2.407796,-6.039179,-0.5954151
bOphoD,Pla2g2D3,+,Opisthocomus hoazin,Opisthocomus hoazin,Opisthocomus,Opisthocomidae,Opisthocomiformes,NA,9.474609,16.598064,12.368506,-0.3593167,-0.123821385,0.19186234,,6.515527,0.010788664,-0.93395305
bOphoE,Pla2g2E,+,Opisthocomus hoazin,Opisthocomus hoazin,Opisthocomus,Opisthocomidae,Opisthocomiformes,NA,8.229636,16.102718,6.8975935,1.3430052,-0.6205443,0.82216066,,1.7340575,-6.7658825,6.309255
mOrorE,Pla2g2E,-,Orcinus orca,Orcinus orca,Orcinus,Delphinidae,Artiodactyla,NA,9.423681,13.882029,3.2435899,1.2104906,0.31114933,0.368746,,-2.5688777,-9.767911,5.889398
mOrorV,Pla2g2V1,+,Orcinus orca,Orcinus orca,Orcinus,Delphinidae,Artiodactyla,NA,9.510977,15.027551,13.445002,-0.42287186,0.07376463,0.23679976,,5.8350916,3.555498,-4.3639164
mOrorD,Pla2g2D1,-,Orcinus orca,Orcinus orca,Orcinus,Delphinidae,Artiodactyla,NA,6.6992764,16.347237,9.906031,0.21174462,-0.3595587,-0.0766666,,-2.4484737,-3.2517066,-3.5557487
mOrorC,Pla2g2C,-,Orcinus orca,Orcinus orca,Orcinus,Delphinidae,Artiodactyla,(no exon 1),7.9998636,13.086511,10.177221,0.25143403,1.0460285,-0.7205871,,-6.9040184,3.878242,-0.5972121
mOranF,Pla2g2F,-,Ornithorhynchus anatinus,Ornithorhynchus anatinus,Ornithorhynchus,Ornithorhynchidae,Monotremata,(no exon F2),6.074007,12.562121,14.208783,-1.2345264,-0.04199444,-0.70982176,,-3.5190978,13.234138,-5.0796447
mOranD,Pla2g2D1,+,Ornithorhynchus anatinus,Ornithorhynchus anatinus,Ornithorhynchus,Ornithorhynchidae,Monotremata,NA,9.464389,16.23525,11.352465,-0.060488753,-0.014912533,0.2244389,,4.44777,-0.66341335,-1.7515364
mOran4,Pla2g2D1,+,Ornithorhynchus anatinus,Ornithorhynchus anatinus,Ornithorhynchus,Ornithorhynchidae,Monotremata,NA,7.0632906,14.276066,12.102291,-0.8425327,0.24943173,-0.06149164,,-1.3265598,7.0013785,-4.47464
mOran3,Pla2g2,-,Ornithorhynchus anatinus,Ornithorhynchus anatinus,Ornithorhynchus,Ornithorhynchidae,Monotremata,pre-V (no exon 1),8.976767,15.560561,8.474636,0.122083895,-0.35054362,0.35912004,,0.5238299,-1.7709664,6.1319294
mOran2,Pla2g2D2,+,Ornithorhynchus anatinus,Ornithorhynchus anatinus,Ornithorhynchus,Ornithorhynchidae,Monotremata,NA,7.4418926,12.312698,13.366777,-1.1734666,0.34133148,-0.41799182,,0.21715964,11.47744,-1.536808
mOranE,Pla2g2E,+,Ornithorhynchus anatinus,Ornithorhynchus anatinus,Ornithorhynchus,Ornithorhynchidae,Monotremata,NA,9.223456,14.116923,3.9573407,0.8952513,-0.11563024,0.42696792,,-1.7107315,-8.046327,5.5465655
mOrcuC,Pla2g2C,+,Oryctolagus cuniculus,Oryctolagus cuniculus,Oryctolagus,Leporidae,Lagomorpha,NA,2.5321424,-5.173519,6.958885,2.6828363,0.5295264,-0.8183924,,-3.010178,-18.974218,6.5614038
mOrcuF,Pla2g2F,-,Oryctolagus cuniculus,Oryctolagus cuniculus,Oryctolagus,Leporidae,Lagomorpha,NA,6.740477,11.752834,13.677041,-1.3618885,0.26492324,-0.5660658,,-0.7160053,12.537943,-3.9833481
mOrcuD,Pla2g2D1,+,Oryctolagus cuniculus,Oryctolagus cuniculus,Oryctolagus,Leporidae,Lagomorpha,NA,6.8111796,16.95344,10.214722,0.22189136,0.07600894,0.04367969,,-4.731769,-3.3157625,-3.3987465
mOrcuV,Pla2g2V1,-,Oryctolagus cuniculus,Oryctolagus cuniculus,Oryctolagus,Leporidae,Lagomorpha,NA,9.3183565,14.267118,13.722932,-0.814448,-0.09248924,0.022093222,,4.3536716,5.511748,-4.4332643
mOrcuA4,Pla2g2A,+,Oryctolagus cuniculus,Oryctolagus cuniculus,Oryctolagus,Leporidae,Lagomorpha,NA,9.306002,14.86758,9.671565,-0.22691537,-0.55684775,0.37473634,,-0.27547953,2.1411493,4.536695
mOrcuA3,Pla2g2A,-,Oryctolagus cuniculus,Oryctolagus cuniculus,Oryctolagus,Leporidae,Lagomorpha,NA,9.068433,16.788828,8.518574,0.13960758,-0.10393539,0.97607094,,4.3285594,-2.419957,5.4171314
mOrcuA2,Pla2g2A,+,Oryctolagus cuniculus,Oryctolagus cuniculus,Oryctolagus,Leporidae,Lagomorpha,NA,8.84099,16.001688,8.667955,0.12044725,-0.47933576,0.53977686,,1.6792922,-1.9110731,4.7935925
mOrcuA,Pla2g2A,+,Oryctolagus cuniculus,Oryctolagus cuniculus,Oryctolagus,Leporidae,Lagomorpha,NA,,,,,,,,,,
mOrcuE,Pla2g2E,+,Oryctolagus cuniculus,Oryctolagus cuniculus,Oryctolagus,Leporidae,Lagomorpha,NA,9.587081,13.763968,2.124081,2.0488615,0.1701064,0.6408327,,-2.538347,-11.041521,8.410053
mOvarC,Pla2g2C,+,Ovis aries,Ovis aries,Ovis,Bovidae,Artiodactyla,NA,2.5201676,-5.886517,6.3288193,3.0725586,0.5449065,-0.86095345,,-0.96764946,-19.503593,7.69912
mOvarF,Pla2g2F,-,Ovis aries,Ovis aries,Ovis,Bovidae,Artiodactyla,NA,7.3563957,12.1012945,14.670769,-1.0427912,0.06032602,-0.45388225,,-0.565416,14.109762,-2.470982
mOvarD,Pla2g2D1,+,Ovis aries,Ovis aries,Ovis,Bovidae,Artiodactyla,NA,6.779329,16.090092,10.817945,-0.18770912,-0.20712051,-0.24139422,,-1.6555231,-1.742782,-5.361775
mOvarA3,Pla2g2A,+,Ovis aries,Ovis aries,Ovis,Bovidae,Artiodactyla,NA,9.005211,15.491584,9.862865,-0.321534,-0.32614464,0.3910822,,2.8717413,0.020890683,2.9195843
mOvarA2,Pla2g2A,+,Ovis aries,Ovis aries,Ovis,Bovidae,Artiodactyla,NA,8.908851,14.597361,10.679094,-0.46800688,-0.26233366,0.11130166,,0.09689329,2.1884272,1.5892501
mOvarA1,Pla2g2A,+,Ovis aries,Ovis aries,Ovis,Bovidae,Artiodactyla,NA,8.778448,14.727544,11.304156,-0.6382425,-0.3420976,0.19983166,,1.5727533,3.5340288,0.65527797
mPatiC,Pla2g2C,+,Panthera tigris altaica,Panthera tigris,Panthera,Felidae,Carnivora,NA,2.4530528,-5.046538,6.594539,2.7326822,0.45149153,-0.83800507,,-2.0028727,-18.925797,6.356003
mPatiF,Pla2g2F,-,Panthera tigris altaica,Panthera tigris,Panthera,Felidae,Carnivora,NA,6.1851435,11.833081,14.25473,-1.2412375,0.16475028,-0.5951294,,-2.363413,13.404887,-4.7445273
mPatiD,Pla2g2D1,+,Panthera tigris altaica,Panthera tigris,Panthera,Felidae,Carnivora,NA,6.508528,16.836718,10.263017,0.29070976,0.050334208,-0.026361497,,-4.181046,-3.0573425,-4.6223364
mPatiV,Pla2g2V1,-,Panthera tigris altaica,Panthera tigris,Panthera,Felidae,Carnivora,NA,9.08586,14.468612,13.346545,-0.70527256,-0.05873598,0.034462873,,4.3476925,4.4699435,-3.4649484
mPatiE,Pla2g2E,+,Panthera tigris altaica,Panthera tigris,Panthera,Felidae,Carnivora,NA,9.721774,13.795077,1.686027,2.1846528,0.4439566,0.57389283,,-4.379125,-11.889379,7.644815
mPahoC,Pla2g2C,+,Pantholops hodgsonii,Pantholops hodgsonii,Pantholops,Bovidae,Artiodactyla,NA,2.640672,-5.5939755,6.380443,3.0157006,0.4225539,-0.93177205,,-0.553319,-18.947674,7.301835
mPahoF,Pla2g2F,-,Pantholops hodgsonii,Pantholops hodgsonii,Pantholops,Bovidae,Artiodactyla,NA,7.302358,12.013892,14.880541,-1.0040501,0.0022760348,-0.42691222,,-0.99707997,14.921354,-2.7184317
mPahoD,Pla2g2D1,+,Pantholops hodgsonii,Pantholops hodgsonii,Pantholops,Bovidae,Artiodactyla,NA,6.70713,16.219366,11.316044,-0.19899122,-0.058573335,-0.11608464,,-0.97474766,-1.7852736,-5.904193
mPahoV,Pla2g2V1,-,Pantholops hodgsonii,Pantholops hodgsonii,Pantholops,Bovidae,Artiodactyla,NA,9.578722,14.673976,13.161987,-0.63653654,-0.0046092435,-0.01077482,,4.3643045,3.4263368,-5.5762587
mPahoA5,Pla2g2A,+,Pantholops hodgsonii,Pantholops hodgsonii,Pantholops,Bovidae,Artiodactyla,NA,9.052143,15.834172,9.689321,-0.2010207,-0.39641774,0.45993456,,2.8724868,-0.32006088,2.9300315
mPahoA3,Pla2g2A,+,Pantholops hodgsonii,Pantholops hodgsonii,Pantholops,Bovidae,Artiodactyla,NA,8.571162,14.410889,10.150743,-0.4133855,-0.49782002,0.10627151,,0.4207658,1.3602381,1.9878445
mPahoA1,Pla2g2A,+,Pantholops hodgsonii,Pantholops hodgsonii,Pantholops,Bovidae,Artiodactyla,NA,8.519778,14.778166,11.590632,-0.6533449,-0.2537545,0.17228018,,1.9342902,3.4087584,-0.12923536
mPahoE,Pla2g2E,+,Pantholops hodgsonii,Pantholops hodgsonii,Pantholops,Bovidae,Artiodactyla,NA,9.5603075,13.325376,1.3361514,2.6361196,0.18737249,0.7237374,,-3.7652676,-12.508696,9.419407
sPapiE,Pla2g2E,-,Paroedura picta,Paroedura picta,Paroedura,Gekkonidae,Squamata,NA,8.402295,14.706698,8.240898,0.16558689,-0.4551459,0.11044718,,-0.6171165,-4.9074726,2.5831907
sPapiG0,Pla2g2G0,-,Paroedura picta,Paroedura picta,Paroedura,Gekkonidae,Squamata,NA,,,,,,,,,,
sPapiF,Pla2g2F,+,Paroedura picta,Paroedura picta,Paroedura,Gekkonidae,Squamata,(no exon 1),6.5717983,12.226826,13.364867,-1.1651897,0.23261966,-0.74403346,,-2.2800076,9.790723,-5.226762
bPafaC,Pla2g2C,+,Patagioenas fasciata monilis,Patagioenas fasciata,Patagioenas,Columbidae,Columbiformes,NA,9.913758,15.263422,5.527805,0.00023583678,0.22067212,0.12665898,,2.824786,-7.551118,-2.2144864
bPafaD,Pla2g2D3,+,Patagioenas fasciata monilis,Patagioenas fasciata,Patagioenas,Columbidae,Columbiformes,NA,9.744613,16.614433,12.220311,-0.13287705,-0.047478,0.5406437,,6.1679893,-1.6137803,-0.49303985
bPafaB,Pla2g2B,+,Patagioenas fasciata monilis,Patagioenas fasciata,Patagioenas,Columbidae,Columbiformes,NA,-7.1258936,10.998972,1.0074741,-1.4089618,2.4105217,0.4873174,,6.977364,12.66527,-4.25888
cPesiF,Pla2g2F,-,Pelodiscus sinensis,Pelodiscus sinensis,Pelodiscus,Trionychidae,Testudines,NA,8.304718,14.724523,9.116342,-0.10536301,-0.4414723,0.09644135,,-0.5586056,-2.3763094,1.1196889
cPesiD3,Pla2g2D3,+,Pelodiscus sinensis,Pelodiscus sinensis,Pelodiscus,Trionychidae,Testudines,NA,8.2587,15.696391,10.736775,-0.026125276,-0.35449943,-0.1745854,,0.29812023,0.03415127,-0.9416148
cPesiD2,Pla2g2D2,+,Pelodiscus sinensis,Pelodiscus sinensis,Pelodiscus,Trionychidae,Testudines,(no exon 1),7.961492,15.692788,8.212393,0.5946097,-0.26304367,0.41659436,,-0.9986932,-3.9853969,5.0148606
cPesiD1,Pla2g2D1,+,Pelodiscus sinensis,Pelodiscus sinensis,Pelodiscus,Trionychidae,Testudines,NA,6.8549724,15.909703,9.403511,0.33275354,-0.04926055,0.06889851,,-4.292943,-4.990251,-0.49577308
cPesiE,Pla2g2E,+,Pelodiscus sinensis,Pelodiscus sinensis,Pelodiscus,Trionychidae,Testudines,NA,8.314602,15.122581,7.3450027,0.7190839,-0.25649226,0.34003156,,-0.7365315,-6.192674,4.673279
mPhciC,Pla2g2C,+,Phascolarctos cinereus,Phascolarctos cinereus,Phascolarctos,Phascolarctidae,Diprotodontia,NA,2.4400663,-5.050243,6.3320775,2.1112728,0.12647781,-0.6994726,,-2.7030463,-17.092093,6.284425
mPhciF,Pla2g2F,-,Phascolarctos cinereus,Phascolarctos cinereus,Phascolarctos,Phascolarctidae,Diprotodontia,NA,6.1305504,12.665147,14.278565,-1.2047768,-0.062320836,-0.6355561,,-3.993958,13.410878,-4.2117395
mPhciDb,Pla2g2D1,+,Phascolarctos cinereus,Phascolarctos cinereus,Phascolarctos,Phascolarctidae,Diprotodontia,NA,7.171775,16.303358,9.773627,0.39459637,-0.39139304,0.024052033,,-1.6790652,-3.419292,-2.3885493
mPhciDa,Pla2g2D1,+,Phascolarctos cinereus,Phascolarctos cinereus,Phascolarctos,Phascolarctidae,Diprotodontia,NA,7.956423,13.443776,11.803487,-1.1079674,-0.32718447,-0.0849046,,0.5437389,7.1362853,0.5734918
mPhciV4,Pla2g2V2,+,Phascolarctos cinereus,Phascolarctos cinereus,Phascolarctos,Phascolarctidae,Diprotodontia,NA,,,,,,,,,,
mPhciV3,Pla2g2V2,+,Phascolarctos cinereus,Phascolarctos cinereus,Phascolarctos,Phascolarctidae,Diprotodontia,NA,8.934043,13.952041,10.47803,-0.5199423,-0.7502496,-0.13632683,,1.5279077,5.7712817,2.3424008
mPhciV2,Pla2g2V2,+,Phascolarctos cinereus,Phascolarctos cinereus,Phascolarctos,Phascolarctidae,Diprotodontia,NA,9.104996,14.269669,10.296069,-0.591523,-0.6632546,0.022197336,,1.5372815,5.767481,2.3308864
mPhciV1,Pla2g2V2,+,Phascolarctos cinereus,Phascolarctos cinereus,Phascolarctos,Phascolarctidae,Diprotodontia,NA,9.637681,15.5405,8.890703,-0.27362853,-0.6905604,0.5419681,,1.678152,-0.17879526,6.8854494
mPhciE,Pla2g2E,+,Phascolarctos cinereus,Phascolarctos cinereus,Phascolarctos,Phascolarctidae,Diprotodontia,NA,9.168716,13.612554,3.3743162,1.3023155,-0.392582,0.18251266,,-2.8150496,-8.063092,5.9148536
sPoviF,Pla2g2F,+,Pogona vitticeps,Pogona vitticeps,Pogona,Agamidae,Squamata,NA,5.8231206,13.309879,12.192906,-1.0252919,-0.07676501,-0.41781726,,-2.3459263,8.435097,-5.3372483
sPoviD,Pla2g2D1,+,Pogona vitticeps,Pogona vitticeps,Pogona,Agamidae,Squamata,NA,8.940008,13.869943,12.8294735,-0.81231374,-0.059465665,-0.14395191,,2.8334532,5.7697983,-1.4105927
sPoviG0,Pla2g2G0,+,Pogona vitticeps,Pogona vitticeps,Pogona,Agamidae,Squamata,NA,,,,,,,,,,
sPoviE,Pla2g2E,+,Pogona vitticeps,Pogona vitticeps,Pogona,Agamidae,Squamata,NA,8.699241,14.610775,7.788208,0.0069045383,-0.058255646,0.20990138,,-0.36268672,-5.218196,2.0036914
sPrflGck,Pla2g2,+,Protobothrops flavoviridis,Protobothrops flavoviridis,Protobothrops,Viperidae,Squamata,preGk (probably a pseudogene),8.778537,12.6063,10.9662895,-0.6485487,0.20024915,-0.0061674877,,-6.302985,4.493913,0.09330889
sPrflGk49,Pla2g2Gk,+,Protobothrops flavoviridis,Protobothrops flavoviridis,Protobothrops,Viperidae,Squamata,NA,8.568543,13.468249,9.953494,-0.2554922,-0.4097354,-0.010084977,,-1.7541754,5.3183084,2.6455998
sPrflGb,Pla2g2Gb,+,Protobothrops flavoviridis,Protobothrops flavoviridis,Protobothrops,Viperidae,Squamata,NA,8.891944,12.776379,8.59533,0.28095767,-0.7080932,-0.26884282,,-4.858349,-1.1168346,3.5750644
sPrflGa2,Pla2g2Ga,+,Protobothrops flavoviridis,Protobothrops flavoviridis,Protobothrops,Viperidae,Squamata,NA,9.199766,12.831701,9.452448,-0.18033895,-0.744937,-0.22088721,,-4.3259687,1.0765105,4.291461
sPrflGa1,Pla2g2Ga,+,Protobothrops flavoviridis,Protobothrops flavoviridis,Protobothrops,Viperidae,Squamata,NA,9.272,13.036835,9.621441,-0.21597932,-0.71883816,-0.20315537,,-4.309308,1.1086627,4.283514
sPrflE,Pla2g2E,+,Protobothrops flavoviridis,Protobothrops flavoviridis,Protobothrops,Viperidae,Squamata,NA,13.670019,12.619007,8.264344,-0.10068658,0.3614037,0.1312101,,3.4640732,-3.77784,-7.597678
sPrmuE,Pla2g2E,-,Protobothrops mucrosquamatus,Protobothrops mucrosquamatus,Protobothrops,Viperidae,Squamata,NA,14.111139,12.441854,8.234803,-0.1653451,0.3413846,0.1514957,,3.9283557,-3.839654,-7.117004
sPrmuGb,Pla2g2Gb,-,Protobothrops mucrosquamatus,Protobothrops mucrosquamatus,Protobothrops,Viperidae,Squamata,NA,9.165846,13.050231,8.689493,0.07552959,-0.6664606,-0.31057096,,-4.7314544,-0.676001,3.492472
sPrmuGk49,Pla2g2Gk,-,Protobothrops mucrosquamatus,Protobothrops mucrosquamatus,Protobothrops,Viperidae,Squamata,NA,8.707902,13.128047,10.386617,-0.5009625,-0.24495701,-0.1257244,,-1.7552788,5.415079,2.4212673
sPrmuGck,Pla2g2,-,Protobothrops mucrosquamatus,Protobothrops mucrosquamatus,Protobothrops,Viperidae,Squamata,preGk,9.616979,12.419025,7.844778,0.3104131,-0.5383526,-0.2904476,,-6.5522456,-1.3053551,5.338077
sPrmuGa1,Pla2g2Ga,+,Protobothrops mucrosquamatus,Protobothrops mucrosquamatus,Protobothrops,Viperidae,Squamata,NA,9.143466,12.735181,9.202457,-0.15648076,-0.5548823,-0.28944147,,-5.1525393,0.7105721,3.193164
sPrmuGa2,Pla2g2Ga,+,Protobothrops mucrosquamatus,Protobothrops mucrosquamatus,Protobothrops,Viperidae,Squamata,NA,9.457145,12.948349,10.308834,-0.47871643,-0.36952785,0.11017607,,-3.464018,3.0158122,2.665285
sPrmuF,Pla2g2F,+,Protobothrops mucrosquamatus,Protobothrops mucrosquamatus,Protobothrops,Viperidae,Squamata,NA,5.067082,13.680831,11.274718,-0.5390919,-0.25088492,-0.35562235,,-3.1203237,5.259568,-7.6471176
sPsteF,Pla2g2F,-,Pseudonaja textilis,Pseudonaja textilis,Pseudonaja,Elapidae,Squamata,NA,4.995247,13.664778,11.623715,-0.8014899,-0.31959006,-0.32774636,,-2.2691398,6.4291153,-8.146163
sPsteD,Pla2g2D1,+,Pseudonaja textilis,Pseudonaja textilis,Pseudonaja,Elapidae,Squamata,NA,9.953833,15.784967,11.908877,-0.28090283,0.38312298,0.22915651,,4.192461,-1.6850659,-3.615665
sPsteGc,Pla2g2Gc,+,Pseudonaja textilis,Pseudonaja textilis,Pseudonaja,Elapidae,Squamata,NA,8.783658,12.4527235,7.719003,1.3012878,-0.44927746,-0.515209,,-6.341914,-3.962982,4.518035
sPsteE,Pla2g2E,+,Pseudonaja textilis,Pseudonaja textilis,Pseudonaja,Elapidae,Squamata,NA,13.376233,12.661039,8.558363,-0.1298097,0.26767412,0.0020285523,,2.6344602,-4.1130447,-6.6383576
bPskrE,Pla2g2E,-,Psittacula krameri,Psittacula krameri,Psittacula,Psittacidae,Psittaciformes,NA,8.064529,16.212017,6.935413,1.4014823,-0.20636852,1.0329787,,2.0819554,-6.6472917,6.7639384
bPskrB,Pla2g2B,-,Psittacula krameri,Psittacula krameri,Psittacula,Psittacidae,Psittaciformes,NA,-6.91538,11.15974,0.52233595,-1.4041184,2.4243562,0.44325903,,7.240635,13.115052,-5.1358485
bPskrD,Pla2g2D3,-,Psittacula krameri,Psittacula krameri,Psittacula,Psittacidae,Psittaciformes,NA,9.337573,17.020067,12.324503,-0.008758665,-0.01388745,0.61987466,,7.957222,-1.3945038,-0.47407812
bPskrC,Pla2g2C,-,Psittacula krameri,Psittacula krameri,Psittacula,Psittacidae,Psittaciformes,NA,10.049817,14.958849,5.5580583,0.1211246,0.15136926,0.043434773,,2.0025892,-7.3799405,-1.9028603
mPtvaE,Pla2g2E,-,Pteropus vampyrus,Pteropus vampyrus,Pteropus,Pteropodidae,Chiroptera,(no exon 1),9.888778,13.283077,2.1592371,2.181243,0.040878505,0.30002508,,-2.3208632,-12.298204,7.2618794
mPtvaV,Pla2g2V1,+,Pteropus vampyrus,Pteropus vampyrus,Pteropus,Pteropodidae,Chiroptera,NA,9.139811,13.981384,13.571273,-0.83763534,-0.12938215,0.037942667,,3.8840106,5.8513193,-3.3712187
mPtvaD,Pla2g2D1,-,Pteropus vampyrus,Pteropus vampyrus,Pteropus,Pteropodidae,Chiroptera,NA,7.2126193,15.74397,11.393839,-0.5958886,0.18157004,-0.11380922,,-2.1416633,1.1259973,-5.2295594
mPtvaF,Pla2g2F,+,Pteropus vampyrus,Pteropus vampyrus,Pteropus,Pteropodidae,Chiroptera,NA,6.702205,12.032653,14.496522,-1.2438104,0.12392301,-0.5116829,,-2.4919581,13.17438,-3.7082849
mPtvaC,Pla2g2C,-,Pteropus vampyrus,Pteropus vampyrus,Pteropus,Pteropodidae,Chiroptera,NA,2.299762,-5.472083,7.1075325,3.2176552,0.3094043,-0.9929458,,-1.8529477,-20.6408,6.1684494
bPyadC,Pla2g2C,+,Pygoscelis adeliae,Pygoscelis adeliae,Pygoscelis,Spheniscidae,Sphenisciformes,NA,10.000476,14.910287,6.083664,0.11680274,-0.055951584,0.12372814,,1.9709752,-6.5438695,-0.9619759
bPyadD,Pla2g2D3,+,Pygoscelis adeliae,Pygoscelis adeliae,Pygoscelis,Spheniscidae,Sphenisciformes,NA,9.3125925,16.85127,12.514894,-0.24279985,-0.25942314,0.54745597,,7.8654466,-0.43036446,-0.20907068
bPyadB,Pla2g2B,+,Pygoscelis adeliae,Pygoscelis adeliae,Pygoscelis,Spheniscidae,Sphenisciformes,NA,-6.806304,10.736994,0.8995477,-1.3330264,2.2064908,0.4714829,,6.940964,12.160496,-4.8543863
sPybiE,Pla2g2E,-,Python bivittatus,Python bivittatus,Python,Pythonidae,Squamata,NA,13.845958,12.765068,8.633418,-0.09132587,0.40181494,0.2575633,,3.975173,-5.1121755,-5.8986626
sPybiF,Pla2g2F,+,Python bivittatus,Python bivittatus,Python,Pythonidae,Squamata,NA,4.6038485,13.7753525,11.279231,-0.65757513,-0.027043946,-0.06811942,,-1.7090175,5.0441337,-9.1921425
mSahaC,Pla2g2C,+,Sarcophilus harrisii,Sarcophilus harrisii,Sarcophilus,Dasyuridae,Dasyuromorphia,NA,2.5117345,-5.2055306,6.3309083,2.3523686,0.24387054,-0.6488639,,-2.6367018,-17.195545,6.5216312
mSahaF,Pla2g2F,-,Sarcophilus harrisii,Sarcophilus harrisii,Sarcophilus,Dasyuridae,Dasyuromorphia,NA,6.291113,12.4619465,13.843906,-1.240669,-0.027269317,-0.58672166,,-3.5288234,12.408136,-4.30086
mSahaD,Pla2g2D1,+,Sarcophilus harrisii,Sarcophilus harrisii,Sarcophilus,Dasyuridae,Dasyuromorphia,NA,7.3586087,16.318737,10.14352,0.031471495,-0.62898916,-0.2098476,,-1.3844919,-2.9651263,-2.4680276
mSahaV5,Pla2g2V1,-,Sarcophilus harrisii,Sarcophilus harrisii,Sarcophilus,Dasyuridae,Dasyuromorphia,NA,9.184702,13.826515,11.72282,-0.6820296,-0.27158475,-0.24419303,,0.37663367,3.5807078,-3.8352344
mSahaV4,Pla2g2V2,+,Sarcophilus harrisii,Sarcophilus harrisii,Sarcophilus,Dasyuridae,Dasyuromorphia,NA,9.31889,15.143439,8.967445,-0.21437329,-0.5795621,0.1281153,,0.11765706,-0.5643604,6.637712
mSahaV2,Pla2g2V1,+,Sarcophilus harrisii,Sarcophilus harrisii,Sarcophilus,Dasyuridae,Dasyuromorphia,NA,9.386489,15.655364,8.45826,0.09014861,-0.66702694,0.55398107,,0.9107745,-1.3900101,7.1455317
mSahaE,Pla2g2E,-,Sarcophilus harrisii,Sarcophilus harrisii,Sarcophilus,Dasyuridae,Dasyuromorphia,NA,9.174216,13.753789,3.9068916,1.0812321,-0.45963213,0.1278803,,-2.6837995,-7.831468,5.7465
mSahaV1,Pla2g2V2,-,Sarcophilus harrisii,Sarcophilus harrisii,Sarcophilus,Dasyuridae,Dasyuromorphia,NA,9.390163,15.437693,8.45183,-0.02295979,-0.7312186,0.39695022,,0.8055353,-1.2400846,6.87461
bSecoE,Pla2g2E,-,Setophaga coronata coronata,Setophaga coronata,Setophaga,Parulidae,Passeriformes,NA,8.279426,16.163263,7.254811,1.0304589,-0.42984208,1.062441,,2.4616852,-6.1549416,6.2712426
bSecoD,Pla2g2D3,-,Setophaga coronata coronata,Setophaga coronata,Setophaga,Parulidae,Passeriformes,NA,9.989417,16.631184,11.945412,-0.030199261,0.1638426,0.41909266,,7.729205,-0.86020976,-2.0813692
mSoarE,Pla2g2E,-,Sorex araneus,Sorex araneus,Sorex,Soricidae,Eulipotyphla,NA,9.705031,14.024594,2.1958103,2.0061872,0.24292001,0.65942335,,-4.234766,-10.961195,6.990412
mSoarA2,Pla2g2A,+,Sorex araneus,Sorex araneus,Sorex,Soricidae,Eulipotyphla,NA,8.619019,14.632525,10.916214,-0.4495582,-0.2375067,-0.20029548,,-0.21081698,2.4951792,0.07847046
mSoarA3,Pla2g2A,-,Sorex araneus,Sorex araneus,Sorex,Soricidae,Eulipotyphla,NA,9.602072,15.6787615,9.463882,-0.55903673,-0.58205074,0.5294709,,3.1988463,1.1316483,5.0775456
mSoarV,Pla2g2V1,+,Sorex araneus,Sorex araneus,Sorex,Soricidae,Eulipotyphla,NA,10.081031,15.006809,13.117735,-0.325029,0.33923152,0.22212297,,5.300291,1.9265655,-4.311447
mSoarD,Pla2g2D1,-,Sorex araneus,Sorex araneus,Sorex,Soricidae,Eulipotyphla,NA,7.3606772,16.431383,10.8026,-0.28648755,-0.17213014,0.022215275,,-2.277766,-0.79617596,-3.6990724
mSoarF,Pla2g2F,+,Sorex araneus,Sorex araneus,Sorex,Soricidae,Eulipotyphla,NA,6.1309137,11.85574,14.488085,-1.130445,0.041017998,-0.6152457,,-2.5462534,14.598344,-5.599631
mSoarC,Pla2g2C,-,Sorex araneus,Sorex araneus,Sorex,Soricidae,Eulipotyphla,NA,2.983272,-5.0855637,6.310883,2.1812403,0.4759505,-0.63857955,,-1.5734234,-17.589695,5.9151325
bStocE,Pla2g2E,-,Strix occidentalis caurina,Strix occidentalis,Strix,Strigidae,Strigiformes,NA,8.156869,15.916348,7.0853505,0.98150223,-0.41834965,0.95266867,,1.5735685,-6.056229,6.0424724
bStocB,Pla2g2B,-,Strix occidentalis caurina,Strix occidentalis,Strix,Strigidae,Strigiformes,NA,-7.183538,10.610822,0.63621676,-1.443167,2.1541653,0.42574245,,6.351587,12.94317,-5.217009
bStocD,Pla2g2D3,-,Strix occidentalis caurina,Strix occidentalis,Strix,Strigidae,Strigiformes,NA,9.486336,16.91393,12.349325,-0.22008438,-0.20642665,0.53372914,,7.004533,-1.5053881,0.20396084
bStocC,Pla2g2C,-,Strix occidentalis caurina,Strix occidentalis,Strix,Strigidae,Strigiformes,NA,9.732989,14.909174,6.0401244,0.0010360108,-0.14077525,0.09215308,,1.7552192,-5.948189,-0.8633344
sThbaF,Pla2g2F,-,Thermophis baileyi,Thermophis baileyi,Thermophis,Dipsadidae,Squamata,NA,,,,,,,,,,
sThbaD,Pla2g2D1,+,Thermophis baileyi,Thermophis baileyi,Thermophis,Dipsadidae,Squamata,NA,,,,,,,,,,
sThbaGc,Pla2g2Gc,+,Thermophis baileyi,Thermophis baileyi,Thermophis,Dipsadidae,Squamata,NA,,,,,,,,,,
sThbaE,Pla2g2E,+,Thermophis baileyi,Thermophis baileyi,Thermophis,Dipsadidae,Squamata,NA,,,,,,,,,,
mTrmaC,Pla2g2C,+,Trichechus manatus latirostris,Trichechus manatus,Trichechus,Trichechidae,Sirenia,NA,2.1638134,-5.771864,7.1911416,3.5046332,0.44676244,-1.0272313,,-1.6262215,-20.920841,7.541268
mTrmaF,Pla2g2F,-,Trichechus manatus latirostris,Trichechus manatus,Trichechus,Trichechidae,Sirenia,NA,6.4999576,12.328245,14.259631,-1.1254524,-0.0027863376,-0.52740115,,-3.1820333,13.954274,-3.4675848
mTrmaD,Pla2g2D1,+,Trichechus manatus latirostris,Trichechus manatus,Trichechus,Trichechidae,Sirenia,NA,7.102755,16.406696,9.827409,0.23459129,-0.38767955,0.031802997,,-2.6208677,-3.2691228,-2.9947605
mTrmaV,Pla2g2V1,-,Trichechus manatus latirostris,Trichechus manatus,Trichechus,Trichechidae,Sirenia,NA,9.255401,14.0925865,13.203434,-0.7316356,-0.13967654,0.028361436,,3.092895,4.9305024,-3.261857
mTrmaA2,Pla2g2A,+,Trichechus manatus latirostris,Trichechus manatus,Trichechus,Trichechidae,Sirenia,NA,8.901106,15.056808,9.885782,-0.14382622,-0.31996036,0.26778743,,0.6959995,0.3396173,3.0255105
mTrmaE,Pla2g2E,+,Trichechus manatus latirostris,Trichechus manatus,Trichechus,Trichechidae,Sirenia,NA,9.565483,13.787706,3.1223054,1.2680209,0.24501084,0.27558526,,-2.0535731,-10.119607,5.7815332
bUrpeC,Pla2g2C,+,Phalacrocorax,NA,Phalacrocorax,Phalacrocoracidae,Pelecaniformes,NA,9.7268305,14.840932,5.831547,0.34931663,0.064291686,0.1892306,,1.8085072,-7.8652987,-0.54867035
bUrpeD,Pla2g2D3,+,Phalacrocorax,NA,Phalacrocorax,Phalacrocoracidae,Pelecaniformes,NA,9.145609,16.682114,12.30037,-0.35676897,-0.3156916,0.4155247,,7.1610174,0.4288694,0.45391038
bUrpeB,Pla2g2B,+,Phalacrocorax,NA,Phalacrocorax,Phalacrocoracidae,Pelecaniformes,NA,-7.2055316,10.763456,1.0194625,-1.3504409,2.1912124,0.52310747,,6.248741,12.098829,-5.553746
mUrmaC,Pla2g2C,+,Ursus maritimus,Ursus maritimus,Ursus,Ursidae,Carnivora,NA,2.0301478,-5.466348,6.916061,3.0416436,0.5445006,-0.77368325,,-1.9329956,-19.592157,6.9542284
mUrmaD,Pla2g2D1,+,Ursus maritimus,Ursus maritimus,Ursus,Ursidae,Carnivora,NA,6.733942,16.621794,10.391283,0.10101127,-0.059390474,-0.03176185,,-3.6456811,-2.3379455,-4.3892035
mUrmaV,Pla2g2V1,-,Ursus maritimus,Ursus maritimus,Ursus,Ursidae,Carnivora,NA,9.662531,14.183639,13.297624,-0.60694563,-0.036528666,0.068442576,,3.9155092,3.6295717,-3.1800773
sVibeEa,Pla2g2E,-,Vipera berus berus,Vipera berus,Vipera,Viperidae,Squamata,NA,14.060261,12.5796,8.239077,-0.13801017,0.3817653,0.18467058,,3.9970462,-4.1904283,-6.542565
sVibeGa1,Pla2g2Ga,-,Vipera berus berus,Vipera berus,Vipera,Viperidae,Squamata,NA,9.524711,13.282912,10.028048,-0.32689086,-0.6205529,0.11380112,,-2.9536674,2.5176263,3.2315395
sVibeGa2,Pla2g2Ga,-,Vipera berus berus,Vipera berus,Vipera,Viperidae,Squamata,NA,9.380709,13.726498,9.826473,-0.32974252,-0.6343558,0.13934824,,-2.3799026,2.1382399,3.3399978
sVibeGa4,Pla2g2Ga,+,Vipera berus berus,Vipera berus,Vipera,Viperidae,Squamata,NA,9.590028,13.01019,10.328532,-0.5487067,-0.57797605,-0.053583674,,-3.4542441,2.8550289,3.337225
sVibeF,Pla2g2F,+,Vipera berus berus,Vipera berus,Vipera,Viperidae,Squamata,NA,4.9290814,13.32034,11.482022,-0.66522914,-0.15183663,-0.45464215,,-3.7619317,6.2543263,-7.831371
Xela,Pla2g2,-,Xenopus laevis,Xenopus laevis,Xenopus,Pipidae,Anura,preg2,8.106017,13.726736,12.7008705,-0.74435323,0.0035541258,-0.025079202,50.349730253219604,0.42079157,6.5521636,-2.5732377
